symbol,1/16/2026,1/26/2026,1/27/2026,1/30/2026,2/10/2026,2/13/2026,2/18/2026,2/20/2026,2/3/2026,2/4/2026,2/6/2026,2026-03-13,2026-03-16,2026-03-17,2026-03-18,2026-03-19,2026-03-20,2026-03-23,2026-03-24,2026-03-25,2026-03-26,2026-03-27,2026-03-30,2026-03-31,2026-04-02,3/12/2026,3/13/2026,3/2/2026
NVDA,7.04,7.22,7.27,7.14,7.29,7.21,7.32,7.5,6.82,6.82,7.18,7.29,7.34,7.27,7.31,7.25,7.12,7.16,7.15,7.25,7.07,7.04,6.97,7.15,6.769509793404013,7.29,7.29,7.08
AAPL,5.9,5.98,6.02,6.26,6.39,6.2,6.17,6.33,6.49,6.57,6.5,6.11,6.12,6.14,6.12,6.11,6.18,6.2,6.2,6.19,6.31,6.32,6.28,6.28,5.905990050218069,6.1,6.11,6.25
MSFT,5.51,5.56,5.67,4.98,4.88,4.76,4.75,4.6,4.97,4.74,4.75,4.89,4.89,4.88,4.85,4.83,4.81,4.77,4.65,4.6,4.62,4.58,4.63,4.64,4.35817149506692,4.88,4.89,4.86
AMZN,4.02,4.06,4.15,4.11,3.53,3.47,3.53,3.55,4.0,3.86,3.58,3.71,3.75,3.8,3.75,3.75,3.74,3.79,3.74,3.79,3.79,3.7,3.74,3.77,3.535694163385694,3.71,3.71,3.61
GOOGL,3.26,3.32,3.32,3.4,3.17,3.04,3.05,3.14,3.32,3.35,3.22,3.15,3.15,3.2,3.21,3.21,3.2,3.17,3.05,3.04,2.99,2.97,2.97,3.03,5.617774073211197,3.14,3.15,3.06
GOOG,3.04,3.09,3.09,3.17,2.96,2.84,2.86,2.93,3.09,3.12,2.99,2.93,2.93,2.97,2.98,2.99,2.96,2.93,2.84,2.83,2.79,2.77,2.77,2.83,5.592892201273342,2.93,2.93,2.86
AVGO,2.57,2.45,2.5,2.48,2.57,2.54,2.53,2.52,2.31,2.39,2.51,2.54,2.54,2.5,2.49,2.53,2.5,2.56,2.53,2.52,2.49,2.46,2.41,2.47,2.3416238223824486,2.54,2.58,2.41
META,2.48,2.7,2.69,2.83,2.7,2.6,2.62,2.6,2.73,2.77,2.67,2.58,2.62,2.59,2.6,2.57,2.55,2.56,2.52,2.51,2.35,2.3,2.35,2.44,2.28158414363609,2.58,2.54,2.69
TSLA,2.27,2.3,2.27,2.51,2.54,2.46,2.48,2.4,2.44,2.41,2.46,2.44,2.45,2.46,2.46,2.39,2.34,2.4,2.41,2.42,2.37,2.35,2.31,2.35,2.124510844373003,2.44,2.44,2.38
BRK-B,1.71,1.66,1.62,1.66,1.72,1.75,1.73,1.73,1.76,1.76,1.75,1.76,1.75,1.75,1.74,1.74,1.76,1.74,1.74,1.71,1.74,1.75,1.78,1.74,1.6165663951591553,1.76,1.76,1.68
WMT,1.54,1.49,1.48,1.56,1.61,1.66,1.61,1.62,1.64,1.65,1.67,1.68,1.65,1.64,1.62,1.61,1.61,1.61,1.63,1.64,1.66,1.69,1.71,1.67,1.5745910986754934,1.68,1.68,1.65
LLY,1.52,1.51,1.48,1.48,1.46,1.59,1.55,1.6,1.57,1.46,1.51,1.46,1.46,1.37,1.37,1.37,1.37,1.36,1.35,1.37,1.36,1.36,1.37,1.39,1.3147571130151228,1.47,1.46,1.53
JPM,1.33,1.29,1.28,1.31,1.37,1.33,1.34,1.3,1.37,1.35,1.38,1.27,1.27,1.27,1.29,1.3,1.31,1.31,1.32,1.33,1.34,1.32,1.33,1.34,1.2475310506327066,1.27,1.27,1.31
V,1.02,1.01,0.99,1.02,1.0,0.99,0.99,0.95,1.02,1.03,1.02,0.98,0.98,0.98,0.96,0.96,0.98,0.98,0.98,0.98,1.0,0.98,1.0,0.98,0.91059699235282,0.98,1.08,1.0
ORCL,0.84,0.83,0.8,0.74,0.73,0.72,0.72,0.65,0.67,0.64,0.65,0.74,0.74,0.73,0.73,0.75,0.73,0.74,0.71,0.7,0.7,0.69,0.69,0.71,0.661013062391225,0.74,0.98,0.7
XOM,0.9,0.91,0.92,0.92,1.01,0.99,1.02,1.02,0.98,0.99,0.99,1.08,1.08,1.09,1.09,1.1,1.13,1.13,1.16,1.14,1.17,1.23,1.24,1.19,1.0512842997008351,1.08,0.97,1.02
JNJ,0.86,0.85,0.86,0.88,0.91,0.94,0.96,0.96,0.91,0.93,0.92,0.97,0.97,0.94,0.95,0.96,0.96,0.95,0.95,0.96,0.98,1.0,1.01,0.99,0.9196213631379959,0.97,0.8,0.96
MA,0.78,0.75,0.74,0.79,0.77,0.75,0.75,0.71,0.79,0.8,0.78,0.74,0.75,0.74,0.73,0.73,0.75,0.75,0.75,0.75,0.76,0.75,0.76,0.75,0.6914244335694874,0.74,0.74,0.76
COST,0.7,0.69,0.68,0.68,0.69,0.73,0.71,0.71,0.7,0.71,0.71,0.74,0.73,0.73,0.72,0.72,0.73,0.72,0.73,0.72,0.74,0.75,0.77,0.75,0.7073536555285113,0.74,0.74,0.73
MU,0.67,0.7,0.73,0.78,0.67,0.74,0.75,0.77,0.67,0.7,0.71,0.8,0.82,0.85,0.87,0.84,0.81,0.77,0.75,0.72,0.68,0.7,0.63,0.64,0.6484924309208426,0.8,0.74,0.7
PLTR,0.65,0.64,0.63,0.56,0.53,0.51,0.52,0.5,0.53,0.5,0.52,0.6,0.6,0.61,0.61,0.62,0.61,0.65,0.62,0.62,0.6,0.59,0.57,0.59,0.5574991531783808,0.6,0.67,0.56
BAC,0.61,0.6,0.6,0.62,0.64,0.61,0.61,0.6,0.64,0.64,0.65,0.56,0.56,0.56,0.56,0.56,0.57,0.57,0.58,0.58,0.59,0.58,0.59,0.59,0.5564258106662069,0.56,0.65,0.58
ABBV,0.62,0.62,0.63,0.63,0.63,0.66,0.64,0.65,0.62,0.63,0.63,0.65,0.65,0.64,0.61,0.61,0.62,0.61,0.61,0.61,0.63,0.64,0.65,0.65,0.5799834716186175,0.65,0.65,0.67
HD,0.61,0.61,0.6,0.6,0.62,0.62,0.61,0.61,0.62,0.62,0.61,0.56,0.56,0.56,0.55,0.55,0.54,0.55,0.55,0.55,0.56,0.55,0.56,0.55,0.5029830569631549,0.56,0.6,0.59
AMD,0.61,0.65,0.65,0.63,0.55,0.53,0.53,0.51,0.53,0.51,0.54,0.52,0.53,0.53,0.54,0.56,0.56,0.55,0.56,0.6,0.56,0.57,0.55,0.56,0.5567866270327047,0.52,0.58,0.51
NFLX,0.59,0.58,0.58,0.55,0.55,0.52,0.52,0.52,0.55,0.56,0.55,0.67,0.66,0.65,0.67,0.65,0.66,0.66,0.64,0.65,0.67,0.68,0.68,0.68,0.6571022204595848,0.67,0.56,0.66
GE,0.54,0.49,0.49,0.51,0.53,0.56,0.56,0.58,0.51,0.52,0.54,0.52,0.53,0.52,0.53,0.51,0.51,0.51,0.51,0.52,0.51,0.51,0.5,0.5,0.46565237726055464,0.52,0.56,0.57
PG,0.56,0.55,0.55,0.56,0.59,0.6,0.59,0.62,0.59,0.6,0.59,0.58,0.58,0.58,0.57,0.56,0.57,0.56,0.56,0.56,0.56,0.57,0.58,0.57,0.5259430273794748,0.58,0.55,0.6
CVX,0.54,0.53,0.54,0.55,0.57,0.57,0.59,0.59,0.58,0.58,0.57,0.65,0.64,0.64,0.66,0.67,0.68,0.68,0.69,0.68,0.7,0.72,0.72,0.69,0.6246110487966078,0.65,0.54,0.61
KO,0.5,0.5,0.5,0.51,0.53,0.55,0.55,0.56,0.54,0.55,0.54,0.55,0.55,0.55,0.54,0.54,0.55,0.54,0.54,0.54,0.55,0.56,0.57,0.55,0.518476140274125,0.55,0.52,0.55
CAT,0.48,0.47,0.47,0.51,0.55,0.58,0.57,0.57,0.51,0.51,0.54,0.54,0.54,0.54,0.54,0.54,0.54,0.55,0.56,0.56,0.56,0.56,0.54,0.56,0.5270013465950543,0.54,0.52,0.54
UNH,0.5,0.51,0.41,0.41,0.39,0.43,0.42,0.41,0.4,0.39,0.4,0.43,0.43,0.43,0.43,0.43,0.42,0.41,0.41,0.41,0.41,0.41,0.41,0.41,0.3951395057012754,0.43,0.51,0.42
MS,0.47,0.46,0.46,0.46,0.45,0.44,0.44,0.43,0.46,0.45,0.45,0.41,0.41,0.41,0.42,0.42,0.44,0.44,0.44,0.44,0.44,0.43,0.44,0.44,0.4133856852876594,0.41,0.48,0.43
CSCO,0.47,0.48,0.49,0.51,0.54,0.49,0.5,0.5,0.52,0.53,0.53,0.51,0.51,0.51,0.51,0.52,0.52,0.52,0.54,0.54,0.55,0.55,0.53,0.52,0.490215312843651,0.51,0.46,0.51
GS,0.46,0.44,0.44,0.45,0.45,0.44,0.44,0.43,0.44,0.43,0.44,0.39,0.39,0.39,0.4,0.4,0.41,0.41,0.42,0.42,0.41,0.41,0.41,0.42,0.4021225088872025,0.39,0.45,0.42
IBM,0.44,0.44,0.44,0.46,0.43,0.39,0.39,0.33,0.43,0.44,0.45,0.38,0.39,0.4,0.39,0.39,0.39,0.39,0.38,0.38,0.39,0.38,0.39,0.38,0.3656423175556832,0.39,0.45,0.37
LRCX,0.45,0.45,0.48,0.47,0.45,0.47,0.47,0.49,0.42,0.43,0.46,0.44,0.45,0.46,0.47,0.49,0.48,0.49,0.5,0.49,0.45,0.46,0.43,0.45,0.4307890167753743,0.44,0.44,0.44
WFC,0.44,0.43,0.44,0.45,0.45,0.44,0.44,0.42,0.46,0.46,0.46,0.38,0.39,0.39,0.39,0.39,0.41,0.41,0.41,0.41,0.41,0.41,0.41,0.41,0.39049198201522217,0.38,0.43,0.42
RTX,0.43,0.41,0.43,0.43,0.42,0.44,0.44,0.44,0.42,0.43,0.42,0.46,0.46,0.45,0.46,0.45,0.45,0.44,0.44,0.44,0.44,0.44,0.44,0.44,0.41465829227829415,0.46,0.41,0.45
PM,0.43,0.44,0.44,0.44,0.45,0.46,0.46,0.47,0.45,0.46,0.45,0.45,0.45,0.44,0.43,0.43,0.43,0.43,0.43,0.43,0.43,0.44,0.45,0.43,0.3868829437062649,0.45,0.4,0.45
MRK,0.44,0.42,0.42,0.44,0.46,0.49,0.49,0.5,0.48,0.48,0.48,0.48,0.47,0.47,0.47,0.47,0.48,0.48,0.48,0.49,0.5,0.51,0.51,0.5,0.4692111492654954,0.48,0.39,0.48
AMAT,0.41,0.4,0.42,0.41,0.42,0.46,0.47,0.48,0.37,0.39,0.41,0.45,0.45,0.46,0.46,0.47,0.48,0.48,0.5,0.49,0.46,0.46,0.45,0.46,0.43421510014361203,0.45,0.39,0.45
AXP,0.4,0.4,0.39,0.38,0.4,0.38,0.38,0.36,0.39,0.4,0.39,0.34,0.34,0.34,0.34,0.34,0.34,0.35,0.35,0.34,0.35,0.35,0.35,0.35,0.32361366778925255,0.34,0.38,0.34
TMO,0.38,0.37,0.37,0.35,0.32,0.31,0.31,0.31,0.34,0.33,0.32,0.29,0.29,0.29,0.29,0.29,0.3,0.3,0.31,0.3,0.31,0.3,0.31,0.31,0.28665599801922154,0.29,0.38,0.31
INTC,0.38,0.34,0.35,0.39,0.37,0.37,0.36,0.35,0.39,0.39,0.4,0.38,0.38,0.36,0.37,0.39,0.37,0.37,0.37,0.39,0.37,0.37,0.36,0.37,0.3971748536919571,0.38,0.38,0.35
MCD,0.35,0.35,0.35,0.36,0.37,0.38,0.38,0.38,0.37,0.37,0.37,0.39,0.38,0.38,0.37,0.37,0.37,0.37,0.37,0.37,0.37,0.38,0.38,0.37,0.34413304707918274,0.39,0.38,0.38
CRM,0.34,0.34,0.34,0.31,0.29,0.28,0.28,0.27,0.3,0.29,0.29,0.3,0.3,0.3,0.3,0.3,0.31,0.3,0.28,0.28,0.29,0.29,0.3,0.29,0.27537941898601515,0.3,0.36,0.3
ABT,0.34,0.3,0.3,0.3,0.31,0.32,0.31,0.32,0.31,0.31,0.31,0.31,0.31,0.32,0.31,0.31,0.31,0.31,0.3,0.3,0.31,0.31,0.31,0.3,0.2806672592397637,0.31,0.36,0.32
TMUS,0.33,0.33,0.33,0.35,0.35,0.39,0.38,0.39,0.36,0.37,0.35,0.4,0.39,0.39,0.38,0.38,0.39,0.39,0.39,0.39,0.4,0.4,0.41,0.39,0.35369625000557214,0.4,0.36,0.39
C,0.32,0.32,0.32,0.32,0.34,0.32,0.33,0.31,0.33,0.33,0.34,0.31,0.31,0.31,0.32,0.32,0.33,0.33,0.33,0.33,0.33,0.32,0.33,0.33,0.3165500687330675,0.31,0.34,0.31
KLAC,0.32,0.32,0.34,0.29,0.3,0.31,0.31,0.31,0.27,0.28,0.3,0.31,0.31,0.32,0.32,0.33,0.33,0.33,0.34,0.34,0.32,0.33,0.31,0.33,0.3129264444495056,0.31,0.33,0.31
LIN,0.33,0.34,0.34,0.34,0.34,0.36,0.37,0.38,0.36,0.35,0.33,0.38,0.38,0.38,0.38,0.38,0.38,0.37,0.37,0.38,0.39,0.39,0.4,0.39,0.3656836058964952,0.38,0.32,0.38
PEP,0.33,0.32,0.32,0.34,0.36,0.36,0.36,0.37,0.37,0.37,0.37,0.36,0.36,0.35,0.35,0.35,0.35,0.35,0.35,0.35,0.35,0.36,0.37,0.36,0.3369841702349656,0.36,0.32,0.37
DIS,0.32,0.31,0.31,0.29,0.31,0.3,0.3,0.3,0.31,0.3,0.31,0.29,0.29,0.29,0.29,0.29,0.3,0.29,0.29,0.28,0.29,0.28,0.29,0.29,0.26900357307101913,0.29,0.31,0.3
BA,0.32,0.31,0.3,0.29,0.3,0.31,0.3,0.29,0.29,0.3,0.3,0.27,0.28,0.27,0.27,0.26,0.26,0.26,0.26,0.26,0.26,0.26,0.26,0.26,0.2569160961692299,0.27,0.31,0.29
APP,0.31,0.29,0.29,0.26,0.25,0.2,0.22,0.21,0.21,0.21,0.22,0.26,0.25,0.25,0.25,0.25,0.25,0.26,0.25,0.25,0.22,0.22,0.22,0.23,0.20501928856291726,0.26,0.31,0.24
ISRG,0.3,0.3,0.3,0.28,0.28,0.28,0.29,0.28,0.27,0.27,0.28,0.28,0.28,0.28,0.28,0.28,0.29,0.28,0.28,0.28,0.28,0.28,0.28,0.28,0.2521006922886976,0.28,0.3,0.28
APH,0.3,0.3,0.32,0.28,0.28,0.29,0.3,0.29,0.26,0.26,0.27,0.27,0.28,0.27,0.26,0.27,0.26,0.27,0.26,0.26,0.26,0.26,0.25,0.26,0.24704170005978598,0.28,0.3,0.26
GEV,0.3,0.29,0.3,0.32,0.34,0.36,0.36,0.36,0.31,0.32,0.33,0.36,0.37,0.37,0.39,0.4,0.39,0.4,0.41,0.42,0.4,0.4,0.38,0.4,0.38279557803963904,0.36,0.29,0.37
SCHW,0.29,0.29,0.29,0.29,0.28,0.27,0.27,0.27,0.3,0.29,0.3,0.27,0.27,0.27,0.27,0.28,0.28,0.28,0.28,0.28,0.28,0.28,0.28,0.28,0.26161843945295943,0.27,0.29,0.28
BLK,0.28,0.28,0.27,0.27,0.27,0.27,0.27,0.27,0.27,0.27,0.26,0.24,0.24,0.25,0.25,0.25,0.25,0.25,0.25,0.25,0.26,0.25,0.25,0.25,0.23605197852713686,0.24,0.29,0.27
AMGN,0.29,0.3,0.3,0.29,0.31,0.32,0.33,0.33,0.32,0.32,0.33,0.33,0.33,0.32,0.32,0.32,0.32,0.32,0.32,0.32,0.32,0.33,0.33,0.32,0.2944964610032452,0.33,0.29,0.33
UBER,0.28,0.27,0.27,0.27,0.24,0.24,0.24,0.23,0.25,0.25,0.25,0.25,0.25,0.26,0.26,0.26,0.26,0.26,0.25,0.25,0.25,0.24,0.25,0.25,0.23214996020976356,0.25,0.28,0.25
ACN,0.27,0.28,0.27,0.26,0.24,0.22,0.21,0.2,0.24,0.23,0.24,0.2,0.2,0.2,0.2,0.21,0.21,0.21,0.2,0.2,0.2,0.2,0.21,0.21,0.19454641731028305,0.2,0.28,0.21
TJX,0.28,0.27,0.26,0.26,0.27,0.28,0.28,0.28,0.28,0.28,0.28,0.29,0.29,0.28,0.28,0.29,0.29,0.29,0.3,0.3,0.3,0.3,0.3,0.3,0.28184553330469286,0.29,0.27,0.29
NEE,0.28,0.28,0.29,0.29,0.3,0.31,0.31,0.32,0.3,0.3,0.3,0.32,0.32,0.32,0.32,0.32,0.32,0.32,0.32,0.32,0.32,0.33,0.33,0.33,0.3047287151245493,0.32,0.27,0.31
TXN,0.28,0.28,0.28,0.32,0.32,0.33,0.32,0.32,0.32,0.33,0.32,0.29,0.29,0.29,0.29,0.29,0.29,0.29,0.3,0.3,0.3,0.3,0.29,0.3,0.2785735673506636,0.29,0.27,0.3
QCOM,0.27,0.26,0.26,0.26,0.24,0.24,0.24,0.24,0.26,0.24,0.23,0.23,0.23,0.23,0.23,0.23,0.24,0.23,0.23,0.23,0.24,0.23,0.24,0.23,0.21263820937181774,0.23,0.26,0.24
DHR,0.27,0.27,0.26,0.25,0.25,0.24,0.24,0.24,0.25,0.25,0.24,0.22,0.22,0.23,0.23,0.22,0.23,0.23,0.23,0.22,0.23,0.22,0.23,0.23,0.21236718549977746,0.22,0.26,0.23
T,0.27,0.26,0.26,0.29,0.31,0.33,0.31,0.32,0.31,0.31,0.3,0.32,0.32,0.32,0.32,0.32,0.34,0.34,0.34,0.34,0.34,0.35,0.35,0.34,0.3113958946592934,0.32,0.25,0.32
SPGI,0.26,0.26,0.25,0.25,0.19,0.2,0.2,0.2,0.23,0.22,0.21,0.21,0.21,0.21,0.21,0.21,0.22,0.22,0.21,0.2,0.21,0.21,0.22,0.21,0.20498722257112778,0.21,0.25,0.22
BKNG,0.26,0.26,0.26,0.26,0.22,0.21,0.21,0.2,0.24,0.23,0.23,0.22,0.22,0.23,0.23,0.23,0.23,0.23,0.23,0.22,0.23,0.22,0.23,0.22,0.2122778689145443,0.22,0.25,0.21
VZ,0.27,0.27,0.26,0.3,0.32,0.33,0.33,0.34,0.32,0.32,0.31,0.36,0.35,0.35,0.35,0.35,0.36,0.36,0.36,0.35,0.36,0.37,0.37,0.36,0.3271398721683565,0.36,0.25,0.35
ANET,0.26,0.29,0.29,0.28,0.29,0.29,0.28,0.26,0.26,0.26,0.28,0.28,0.28,0.27,0.28,0.29,0.28,0.29,0.28,0.28,0.26,0.26,0.25,0.26,0.2504751150025605,0.28,0.25,0.25
LOW,0.25,0.25,0.24,0.24,0.25,0.25,0.25,0.25,0.25,0.25,0.25,0.22,0.22,0.22,0.22,0.22,0.21,0.22,0.22,0.22,0.23,0.22,0.23,0.22,0.2034820631811532,0.22,0.25,0.23
GILD,0.25,0.27,0.28,0.28,0.29,0.31,0.3,0.3,0.29,0.3,0.3,0.3,0.3,0.29,0.29,0.29,0.29,0.29,0.29,0.29,0.29,0.29,0.29,0.29,0.27227204044912917,0.3,0.24,0.3
COF,0.24,0.22,0.22,0.22,0.22,0.21,0.21,0.19,0.23,0.22,0.22,0.19,0.19,0.19,0.19,0.19,0.19,0.19,0.19,0.19,0.19,0.19,0.19,0.19,0.17764603183578628,0.19,0.24,0.2
INTU,0.24,0.25,0.24,0.22,0.19,0.17,0.17,0.16,0.2,0.2,0.2,0.2,0.21,0.21,0.21,0.21,0.21,0.21,0.2,0.2,0.2,0.2,0.21,0.2,0.18459136101852386,0.2,0.24,0.2
ADI,0.24,0.24,0.24,0.24,0.25,0.27,0.27,0.28,0.25,0.26,0.25,0.25,0.25,0.25,0.25,0.25,0.26,0.26,0.26,0.26,0.26,0.26,0.26,0.26,0.2440198308343387,0.25,0.23,0.27
PFE,0.24,0.23,0.24,0.24,0.25,0.25,0.24,0.25,0.24,0.25,0.25,0.25,0.25,0.26,0.26,0.26,0.26,0.26,0.26,0.26,0.27,0.27,0.27,0.27,0.2529370834568097,0.25,0.23,0.25
DE,0.22,0.22,0.22,0.23,0.26,0.27,0.29,0.28,0.25,0.25,0.25,0.26,0.25,0.25,0.26,0.26,0.26,0.26,0.26,0.26,0.27,0.26,0.26,0.26,0.2441588992271297,0.26,0.23,0.27
HON,0.22,0.22,0.22,0.23,0.25,0.25,0.25,0.25,0.24,0.24,0.24,0.25,0.25,0.24,0.24,0.24,0.24,0.24,0.24,0.24,0.24,0.25,0.25,0.24,0.22901088869102065,0.25,0.22,0.25
SYK,0.22,0.22,0.22,0.22,0.22,0.23,0.23,0.24,0.22,0.23,0.22,0.21,0.22,0.22,0.22,0.22,0.22,0.21,0.21,0.21,0.22,0.22,0.22,0.21,0.19936519114262,0.22,0.22,0.24
UNP,0.21,0.22,0.22,0.22,0.25,0.25,0.25,0.25,0.24,0.24,0.24,0.24,0.24,0.24,0.23,0.23,0.24,0.24,0.24,0.24,0.24,0.25,0.25,0.24,0.22810527202438824,0.24,0.22,0.25
LMT,0.22,0.21,0.22,0.23,0.23,0.24,0.25,0.25,0.22,0.23,0.23,0.25,0.24,0.24,0.25,0.25,0.25,0.24,0.24,0.24,0.25,0.25,0.24,0.23,0.22535832398165598,0.25,0.21,0.25
NOW,0.22,0.23,0.22,0.19,0.18,0.18,0.18,0.17,0.18,0.18,0.17,0.2,0.2,0.2,0.2,0.2,0.2,0.19,0.18,0.18,0.18,0.18,0.19,0.18,0.1689833649234995,0.2,0.21,0.19
ETN,0.21,0.21,0.21,0.22,0.23,0.24,0.24,0.23,0.22,0.22,0.23,0.23,0.23,0.23,0.23,0.23,0.23,0.23,0.24,0.24,0.24,0.24,0.23,0.23,0.2202110698852516,0.23,0.21,0.22
WELL,0.21,0.2,0.2,0.2,0.22,0.24,0.23,0.24,0.21,0.21,0.21,0.24,0.24,0.24,0.24,0.24,0.23,0.23,0.23,0.23,0.23,0.24,0.24,0.23,0.22166349338820773,0.24,0.2,0.23
PANW,0.21,0.2,0.2,0.19,0.18,0.21,0.2,0.19,0.18,0.18,0.18,0.23,0.23,0.23,0.23,0.23,0.22,0.22,0.21,0.21,0.22,0.21,0.22,0.22,0.20910740024940827,0.23,0.2,0.21
BSX,0.22,0.22,0.22,0.22,0.18,0.18,0.18,0.18,0.19,0.19,0.18,0.17,0.17,0.17,0.18,0.17,0.18,0.17,0.17,0.17,0.18,0.18,0.16,0.16,0.14658865890395978,0.17,0.2,0.18
BX,0.19,0.18,0.18,0.18,0.17,0.16,0.16,0.14,0.18,0.16,0.16,0.14,0.14,0.14,0.15,0.15,0.15,0.14,0.14,0.14,0.14,0.15,0.15,0.15,0.21695384425476452,0.14,0.2,0.14
NEM,0.21,0.22,0.22,0.19,0.21,0.21,0.22,0.22,0.2,0.19,0.2,0.2,0.2,0.2,0.19,0.18,0.18,0.18,0.18,0.18,0.18,0.19,0.19,0.2,0.19480783296095683,0.2,0.2,0.21
MDT,0.2,0.21,0.2,0.21,0.21,0.2,0.2,0.2,0.21,0.22,0.21,0.19,0.19,0.19,0.19,0.19,0.19,0.19,0.19,0.19,0.19,0.19,0.19,0.19,0.17463321774801235,0.19,0.2,0.2
PLD,0.2,0.19,0.19,0.19,0.21,0.21,0.21,0.21,0.2,0.2,0.2,0.2,0.21,0.2,0.2,0.2,0.2,0.2,0.2,0.2,0.21,0.21,0.21,0.21,0.19580084971351372,0.2,0.2,0.21
ADBE,0.19,0.2,0.19,0.19,0.17,0.17,0.17,0.16,0.19,0.18,0.18,0.17,0.17,0.17,0.17,0.17,0.17,0.17,0.16,0.16,0.17,0.16,0.17,0.17,0.15547810299283724,0.17,0.2,0.18
COP,0.19,0.19,0.2,0.2,0.21,0.22,0.22,0.22,0.21,0.21,0.21,0.25,0.24,0.25,0.25,0.26,0.26,0.26,0.27,0.26,0.28,0.28,0.28,0.27,0.25049628653183664,0.25,0.2,0.23
PH,0.19,0.19,0.19,0.19,0.2,0.21,0.21,0.21,0.2,0.2,0.2,0.19,0.19,0.19,0.19,0.19,0.19,0.19,0.2,0.19,0.19,0.19,0.19,0.19,0.17995471893257248,0.19,0.19,0.2
PGR,0.19,0.19,0.19,0.19,0.19,0.2,0.19,0.19,0.19,0.2,0.19,0.2,0.2,0.2,0.2,0.2,0.2,0.2,0.2,0.2,0.2,0.2,0.2,0.2,0.17961876560744222,0.2,0.19,0.2
CB,0.19,0.19,0.19,0.19,0.2,0.21,0.21,0.21,0.21,0.21,0.21,0.21,0.21,0.21,0.21,0.21,0.21,0.21,0.21,0.21,0.22,0.22,0.22,0.21,0.20161932875237082,0.21,0.19,0.21
KKR,0.18,0.17,0.16,0.16,0.15,0.15,0.14,0.13,0.15,0.14,0.15,0.13,0.13,0.13,0.13,0.14,0.14,0.14,0.14,0.13,0.14,0.14,0.14,0.14,0.13265914319344005,0.13,0.19,0.13
CRWD,0.18,0.19,0.19,0.17,0.17,0.17,0.17,0.14,0.17,0.16,0.16,0.19,0.18,0.18,0.18,0.18,0.18,0.18,0.17,0.16,0.17,0.16,0.17,0.17,0.15893126173721495,0.19,0.19,0.16
BMY,0.18,0.18,0.18,0.18,0.2,0.2,0.2,0.2,0.19,0.2,0.2,0.2,0.2,0.2,0.2,0.2,0.2,0.19,0.2,0.2,0.21,0.21,0.21,0.21,0.1910636878819406,0.2,0.19,0.2
VRTX,0.18,0.19,0.19,0.19,0.19,0.2,0.19,0.2,0.19,0.19,0.19,0.2,0.2,0.19,0.19,0.19,0.2,0.19,0.19,0.19,0.2,0.19,0.2,0.19,0.1749619809851321,0.2,0.19,0.2
CEG,0.17,0.16,0.17,0.16,0.16,0.18,0.17,0.17,0.14,0.15,0.15,0.18,0.18,0.18,0.19,0.19,0.17,0.18,0.18,0.18,0.18,0.19,0.19,0.17,0.15519245455895794,0.18,0.19,0.19
HCA,0.17,0.17,0.18,0.18,0.18,0.19,0.19,0.19,0.18,0.19,0.18,0.2,0.19,0.19,0.19,0.19,0.19,0.19,0.18,0.18,0.18,0.18,0.18,0.18,0.16566933888397015,0.2,0.18,0.19
SBUX,0.17,0.17,0.17,0.17,0.18,0.17,0.18,0.17,0.18,0.18,0.18,0.19,0.18,0.18,0.18,0.18,0.18,0.18,0.18,0.18,0.18,0.17,0.17,0.17,0.1616571154251398,0.19,0.18,0.18
ADP,0.17,0.17,0.16,0.16,0.14,0.14,0.14,0.13,0.15,0.15,0.15,0.14,0.14,0.14,0.14,0.14,0.14,0.14,0.14,0.14,0.14,0.14,0.14,0.14,0.1295529737232321,0.14,0.18,0.14
MCK,0.17,0.16,0.16,0.16,0.18,0.19,0.19,0.19,0.16,0.19,0.19,0.19,0.19,0.19,0.19,0.18,0.18,0.18,0.18,0.18,0.18,0.18,0.18,0.18,0.1713685833685198,0.19,0.18,0.2
MO,0.17,0.17,0.17,0.17,0.17,0.18,0.18,0.19,0.18,0.18,0.17,0.19,0.19,0.18,0.18,0.18,0.18,0.18,0.18,0.18,0.18,0.19,0.19,0.19,0.1733245316932101,0.19,0.17,0.19
CMCSA,0.17,0.17,0.17,0.17,0.18,0.18,0.18,0.18,0.18,0.18,0.18,0.18,0.18,0.18,0.17,0.17,0.18,0.18,0.18,0.17,0.18,0.18,0.18,0.17,0.15979721072688036,0.18,0.17,0.18
CME,0.16,0.16,0.16,0.17,0.18,0.18,0.18,0.18,0.17,0.17,0.17,0.19,0.19,0.18,0.18,0.19,0.19,0.18,0.18,0.18,0.18,0.18,0.19,0.18,0.17380643480126673,0.19,0.17,0.19
CVS,0.17,0.17,0.14,0.15,0.15,0.16,0.16,0.16,0.16,0.16,0.16,0.16,0.16,0.16,0.15,0.15,0.15,0.15,0.16,0.15,0.15,0.15,0.15,0.15,0.1467979046137197,0.16,0.17,0.17
GD,0.16,0.16,0.16,0.15,0.15,0.15,0.15,0.15,0.15,0.16,0.16,0.16,0.16,0.16,0.16,0.16,0.16,0.16,0.16,0.16,0.16,0.16,0.16,0.16,0.14845405585191604,0.16,0.17,0.16
ICE,0.16,0.16,0.16,0.16,0.15,0.14,0.14,0.14,0.15,0.16,0.15,0.15,0.15,0.15,0.15,0.15,0.15,0.15,0.15,0.15,0.15,0.15,0.15,0.15,0.1459075041798538,0.15,0.16,0.15
SNPS,0.16,0.15,0.15,0.14,0.13,0.13,0.14,0.13,0.13,0.13,0.13,0.13,0.13,0.14,0.14,0.14,0.14,0.14,0.13,0.13,0.13,0.13,0.13,0.13,0.11909191016432541,0.13,0.16,0.13
SO,0.16,0.15,0.16,0.15,0.16,0.17,0.17,0.17,0.16,0.16,0.16,0.18,0.18,0.18,0.18,0.18,0.18,0.18,0.18,0.18,0.18,0.18,0.19,0.18,0.1712758711066591,0.18,0.16,0.17
HOOD,0.15,0.15,0.15,0.13,0.12,0.11,0.11,0.1,0.11,0.11,0.12,0.11,0.11,0.11,0.11,0.11,0.11,0.11,0.1,0.11,0.11,0.1,0.1,0.11,0.09739641769459262,0.11,0.16,0.11
MCO,0.15,0.15,0.15,0.15,0.12,0.12,0.13,0.13,0.13,0.13,0.13,0.13,0.13,0.13,0.13,0.13,0.13,0.13,0.13,0.13,0.13,0.13,0.13,0.13,0.1231951609091141,0.13,0.16,0.13
NKE,0.15,0.15,0.15,0.15,0.15,0.15,0.16,0.15,0.15,0.15,0.15,0.13,0.13,0.13,0.13,0.13,0.13,0.13,0.13,0.13,0.13,0.13,0.13,0.13,0.10271423379826718,0.13,0.16,0.14
NOC,0.15,0.15,0.15,0.15,0.15,0.16,0.17,0.17,0.16,0.16,0.16,0.17,0.17,0.17,0.17,0.17,0.17,0.16,0.16,0.16,0.17,0.17,0.17,0.16,0.15742142042946605,0.17,0.16,0.17
DUK,0.15,0.15,0.15,0.15,0.15,0.16,0.16,0.16,0.15,0.16,0.15,0.17,0.17,0.17,0.17,0.17,0.17,0.17,0.17,0.17,0.17,0.17,0.18,0.17,0.16155862794053005,0.17,0.15,0.16
UPS,0.15,0.14,0.14,0.15,0.16,0.16,0.16,0.16,0.16,0.16,0.16,0.14,0.14,0.14,0.14,0.14,0.14,0.14,0.14,0.14,0.14,0.14,0.14,0.14,0.13098068853375838,0.14,0.15,0.15
HWM,0.14,0.14,0.14,0.13,0.14,0.16,0.16,0.17,0.13,0.14,0.14,0.16,0.16,0.16,0.16,0.16,0.16,0.16,0.16,0.16,0.16,0.16,0.16,0.16,0.1470474096713742,0.16,0.15,0.17
PNC,0.15,0.14,0.14,0.15,0.15,0.15,0.15,0.14,0.15,0.16,0.16,0.14,0.13,0.14,0.14,0.14,0.14,0.14,0.14,0.14,0.14,0.14,0.14,0.14,0.1343915556692296,0.14,0.14,0.14
MRSH,0.14,0.14,0.14,0.14,0.14,0.14,0.14,0.14,0.15,0.15,0.14,0.14,0.14,0.14,0.14,0.14,0.15,0.14,0.14,0.14,0.14,0.14,0.15,0.14,0.13431286343586893,0.14,0.14,0.14
MMM,0.13,0.13,0.13,0.13,0.15,0.14,0.14,0.14,0.14,0.14,0.14,0.13,0.13,0.13,0.13,0.13,0.13,0.13,0.13,0.13,0.13,0.13,0.13,0.13,0.11947401382180253,0.13,0.14,0.14
WM,0.15,0.15,0.15,0.14,0.15,0.15,0.15,0.15,0.15,0.15,0.15,0.16,0.16,0.16,0.16,0.16,0.16,0.15,0.15,0.15,0.16,0.16,0.16,0.16,0.14908795407628894,0.16,0.14,0.16
SHW,0.14,0.14,0.14,0.14,0.14,0.15,0.14,0.15,0.15,0.15,0.14,0.13,0.13,0.13,0.13,0.13,0.13,0.13,0.13,0.13,0.13,0.13,0.14,0.13,0.12371337460474463,0.13,0.14,0.14
DASH,0.14,0.14,0.14,0.14,0.13,0.11,0.12,0.12,0.13,0.13,0.13,0.12,0.12,0.12,0.12,0.12,0.12,0.12,0.11,0.11,0.11,0.11,0.11,0.11,0.10671468815060436,0.12,0.14,0.12
MAR,0.14,0.14,0.13,0.14,0.15,0.15,0.15,0.15,0.14,0.14,0.14,0.14,0.14,0.14,0.14,0.14,0.14,0.15,0.14,0.14,0.15,0.15,0.15,0.15,0.13810185974367373,0.14,0.14,0.14
CDNS,0.14,0.14,0.14,0.12,0.13,0.13,0.13,0.12,0.12,0.12,0.12,0.13,0.13,0.13,0.13,0.13,0.13,0.14,0.13,0.13,0.13,0.13,0.13,0.13,0.12082436122734935,0.13,0.14,0.13
TT,0.14,0.14,0.14,0.15,0.16,0.17,0.16,0.16,0.16,0.16,0.16,0.16,0.15,0.15,0.16,0.16,0.15,0.16,0.16,0.16,0.15,0.16,0.16,0.16,0.1486872127845948,0.16,0.14,0.16
AMT,0.14,0.13,0.13,0.13,0.13,0.15,0.14,0.14,0.13,0.13,0.13,0.14,0.14,0.14,0.14,0.14,0.14,0.14,0.13,0.13,0.13,0.14,0.14,0.14,0.12769948736829512,0.14,0.14,0.14
USB,0.14,0.14,0.14,0.14,0.15,0.15,0.14,0.14,0.15,0.15,0.15,0.13,0.13,0.13,0.13,0.13,0.14,0.13,0.14,0.13,0.14,0.14,0.14,0.14,0.12917081861610907,0.13,0.13,0.14
FCX,0.14,0.14,0.14,0.14,0.14,0.14,0.14,0.15,0.14,0.14,0.14,0.13,0.14,0.14,0.13,0.13,0.13,0.13,0.14,0.14,0.14,0.14,0.14,0.14,0.13850869781840366,0.13,0.13,0.15
EMR,0.13,0.13,0.13,0.13,0.14,0.14,0.14,0.13,0.14,0.14,0.14,0.12,0.12,0.12,0.12,0.12,0.12,0.12,0.12,0.12,0.12,0.12,0.12,0.12,0.11627541506278617,0.12,0.13,0.13
APO,0.13,0.12,0.12,0.12,0.12,0.12,0.11,0.11,0.12,0.12,0.12,0.1,0.1,0.1,0.11,0.11,0.11,0.11,0.11,0.11,0.11,0.11,0.11,0.11,0.09754901091304213,0.1,0.13,0.1
BK,0.14,0.13,0.13,0.13,0.14,0.13,0.13,0.13,0.13,0.13,0.14,0.13,0.13,0.13,0.13,0.13,0.13,0.13,0.14,0.14,0.14,0.14,0.14,0.14,0.13372267168566399,0.13,0.13,0.13
ELV,0.13,0.13,0.11,0.12,0.12,0.12,0.12,0.12,0.12,0.12,0.12,0.11,0.11,0.11,0.11,0.11,0.11,0.11,0.11,0.11,0.11,0.11,0.11,0.11,0.1042161840165805,0.11,0.13,0.1
CRH,0.13,0.13,0.13,0.13,0.14,0.13,0.14,0.13,0.13,0.13,0.14,0.11,0.11,0.12,0.11,0.11,0.11,0.12,0.12,0.12,0.12,0.12,0.12,0.12,0.10980211065609786,0.11,0.13,0.12
TDG,0.13,0.13,0.13,0.13,0.12,0.12,0.12,0.12,0.11,0.11,0.12,0.11,0.12,0.11,0.11,0.11,0.11,0.11,0.11,0.11,0.11,0.11,0.11,0.11,0.10347811312172901,0.11,0.13,0.12
GLW,0.13,0.13,0.15,0.15,0.17,0.18,0.18,0.2,0.15,0.16,0.17,0.18,0.19,0.18,0.19,0.19,0.18,0.19,0.2,0.21,0.2,0.2,0.19,0.2,0.19950786101062204,0.18,0.13,0.21
ORLY,0.13,0.13,0.13,0.13,0.13,0.13,0.13,0.13,0.13,0.13,0.13,0.13,0.12,0.12,0.12,0.12,0.12,0.12,0.12,0.13,0.13,0.13,0.13,0.13,0.12035663249673036,0.13,0.13,0.13
CMI,0.13,0.13,0.13,0.13,0.13,0.13,0.13,0.13,0.13,0.12,0.13,0.12,0.12,0.12,0.13,0.12,0.13,0.13,0.13,0.13,0.12,0.12,0.12,0.13,0.11924546163242927,0.12,0.13,0.13
DELL,0.12,0.12,0.12,0.12,0.13,0.12,0.13,0.13,0.13,0.12,0.13,0.17,0.17,0.17,0.16,0.17,0.17,0.18,0.19,0.2,0.19,0.19,0.18,0.18,0.1814321984130681,0.17,0.13,0.15
ABNB,0.13,0.13,0.13,0.13,0.12,0.12,0.12,0.12,0.12,0.12,0.12,0.13,0.13,0.13,0.13,0.13,0.13,0.13,0.13,0.13,0.13,0.13,0.13,0.13,0.11761643722001877,0.13,0.13,0.13
CTAS,0.13,0.12,0.12,0.12,0.13,0.13,0.13,0.13,0.12,0.13,0.12,0.13,0.13,0.13,0.12,0.12,0.12,0.12,0.12,0.12,0.11,0.11,0.12,0.11,0.10950253223059882,0.13,0.13,0.13
EQIX,0.13,0.13,0.13,0.13,0.13,0.15,0.15,0.15,0.13,0.13,0.13,0.16,0.16,0.16,0.16,0.16,0.16,0.16,0.16,0.16,0.16,0.16,0.16,0.16,0.15432896228988288,0.16,0.13,0.15
ECL,0.13,0.13,0.13,0.13,0.14,0.14,0.14,0.14,0.13,0.13,0.13,0.13,0.13,0.13,0.12,0.12,0.12,0.12,0.13,0.13,0.13,0.13,0.13,0.13,0.1171920162288122,0.13,0.13,0.14
REGN,0.13,0.13,0.13,0.13,0.13,0.13,0.13,0.13,0.13,0.13,0.13,0.13,0.13,0.13,0.13,0.13,0.13,0.13,0.13,0.13,0.14,0.13,0.14,0.14,0.12646148026450899,0.13,0.13,0.13
ITW,0.12,0.12,0.12,0.12,0.14,0.14,0.14,0.14,0.14,0.14,0.14,0.13,0.13,0.13,0.13,0.13,0.13,0.13,0.13,0.13,0.13,0.13,0.13,0.13,0.1168421329120622,0.13,0.13,0.13
MNST,0.13,0.13,0.13,0.13,0.12,0.13,0.13,0.13,0.13,0.13,0.13,0.13,0.12,0.12,0.12,0.12,0.12,0.12,0.12,0.12,0.12,0.12,0.12,0.12,0.1111603941695204,0.13,0.13,0.13
WDC,0.12,0.13,0.14,0.14,0.14,0.16,0.16,0.15,0.14,0.14,0.15,0.15,0.16,0.17,0.17,0.18,0.17,0.17,0.17,0.17,0.16,0.16,0.15,0.15,0.1583465107870609,0.15,0.12,0.14
GM,0.12,0.12,0.13,0.12,0.12,0.12,0.12,0.12,0.12,0.12,0.12,0.11,0.11,0.11,0.11,0.11,0.11,0.11,0.12,0.12,0.12,0.11,0.11,0.11,0.10624955119589614,0.11,0.12,0.11
RCL,0.12,0.13,0.13,0.14,0.15,0.14,0.14,0.13,0.14,0.14,0.15,0.12,0.13,0.12,0.12,0.12,0.12,0.13,0.12,0.13,0.13,0.12,0.12,0.13,0.11714896573762913,0.12,0.12,0.13
WMB,0.12,0.13,0.13,0.13,0.13,0.14,0.14,0.14,0.13,0.13,0.13,0.15,0.15,0.15,0.15,0.15,0.15,0.15,0.15,0.15,0.15,0.16,0.15,0.15,0.13824218865278862,0.15,0.12,0.15
AON,0.12,0.12,0.11,0.12,0.11,0.11,0.11,0.11,0.12,0.12,0.12,0.11,0.12,0.11,0.11,0.11,0.12,0.12,0.12,0.12,0.12,0.12,0.12,0.12,0.10905130597389315,0.11,0.12,0.12
MDLZ,0.12,0.12,0.12,0.12,0.12,0.12,0.12,0.13,0.12,0.13,0.12,0.12,0.12,0.12,0.12,0.12,0.12,0.12,0.12,0.12,0.13,0.13,0.13,0.12,0.1165769614372398,0.12,0.12,0.12
CI,0.12,0.12,0.11,0.11,0.12,0.12,0.12,0.12,0.12,0.12,0.12,0.12,0.12,0.11,0.12,0.12,0.12,0.12,0.12,0.12,0.12,0.12,0.12,0.12,0.11325157788838427,0.12,0.12,0.12
FDX,0.12,0.11,0.12,0.12,0.14,0.14,0.15,0.15,0.14,0.14,0.14,0.14,0.14,0.14,0.14,0.14,0.14,0.14,0.14,0.14,0.14,0.14,0.14,0.14,0.13548138779290542,0.14,0.12,0.15
STX,0.12,0.12,0.13,0.15,0.14,0.15,0.14,0.14,0.14,0.14,0.15,0.14,0.15,0.16,0.15,0.16,0.16,0.15,0.16,0.15,0.14,0.15,0.14,0.15,0.15102583071286685,0.14,0.12,0.13
WBD,0.11,0.11,0.11,0.11,0.11,0.12,0.11,0.12,0.11,0.11,0.11,0.11,0.11,0.11,0.11,0.11,0.12,0.11,0.11,0.11,0.11,0.12,0.12,0.12,0.10752943188021605,0.11,0.12,0.11
TEL,0.11,0.11,0.11,0.1,0.11,0.11,0.11,0.11,0.1,0.1,0.1,0.1,0.1,0.1,0.1,0.1,0.1,0.1,0.1,0.1,0.1,0.1,0.1,0.1,0.09635734064656916,0.1,0.12,0.1
JCI,0.11,0.11,0.11,0.12,0.14,0.14,0.14,0.14,0.13,0.13,0.13,0.13,0.13,0.13,0.14,0.14,0.13,0.14,0.14,0.14,0.14,0.14,0.13,0.14,0.12778636009534936,0.13,0.12,0.14
HLT,0.11,0.11,0.11,0.11,0.12,0.12,0.12,0.12,0.11,0.12,0.12,0.11,0.11,0.11,0.11,0.11,0.11,0.12,0.12,0.12,0.12,0.12,0.12,0.12,0.11129174511543066,0.11,0.12,0.11
SLB,0.11,0.12,0.12,0.11,0.12,0.12,0.12,0.12,0.12,0.12,0.12,0.11,0.11,0.11,0.11,0.12,0.12,0.12,0.13,0.13,0.13,0.14,0.13,0.13,0.11652796851195854,0.11,0.11,0.12
PWR,0.11,0.11,0.11,0.11,0.12,0.13,0.13,0.13,0.11,0.12,0.12,0.14,0.14,0.14,0.14,0.14,0.14,0.14,0.15,0.14,0.14,0.14,0.14,0.14,0.13170333739725984,0.14,0.11,0.14
COR,0.11,0.11,0.11,0.11,0.11,0.11,0.11,0.12,0.1,0.11,0.11,0.11,0.11,0.11,0.11,0.11,0.11,0.1,0.11,0.11,0.11,0.11,0.1,0.1,0.09920568951010864,0.11,0.11,0.12
CL,0.11,0.11,0.11,0.12,0.12,0.12,0.12,0.13,0.12,0.12,0.12,0.12,0.12,0.12,0.12,0.11,0.12,0.11,0.11,0.11,0.11,0.12,0.12,0.12,0.10725162951733216,0.12,0.11,0.12
CSX,0.11,0.11,0.11,0.11,0.12,0.12,0.12,0.13,0.12,0.12,0.12,0.12,0.12,0.12,0.12,0.12,0.12,0.12,0.12,0.12,0.13,0.13,0.13,0.13,0.12037928320332535,0.12,0.11,0.13
MSI,0.11,0.11,0.11,0.11,0.11,0.12,0.12,0.12,0.11,0.11,0.11,0.13,0.13,0.13,0.13,0.13,0.13,0.13,0.13,0.12,0.13,0.13,0.12,0.12,0.11479290637940659,0.13,0.11,0.13
AJG,0.11,0.1,0.1,0.1,0.09,0.09,0.09,0.09,0.1,0.1,0.1,0.09,0.09,0.09,0.09,0.09,0.09,0.09,0.09,0.09,0.09,0.09,0.1,0.09,0.08784425714844843,0.09,0.11,0.09
RSG,0.11,0.11,0.11,0.11,0.11,0.11,0.11,0.11,0.11,0.11,0.11,0.12,0.11,0.11,0.11,0.12,0.11,0.11,0.11,0.11,0.11,0.12,0.12,0.11,0.10826898838359206,0.12,0.11,0.12
NSC,0.1,0.1,0.1,0.1,0.11,0.11,0.11,0.11,0.12,0.12,0.11,0.11,0.11,0.11,0.11,0.1,0.11,0.11,0.11,0.11,0.11,0.11,0.11,0.11,0.10155015983559859,0.11,0.11,0.11
COIN,0.1,0.09,0.09,0.08,0.07,0.07,0.07,0.07,0.07,0.06,0.07,0.09,0.09,0.09,0.09,0.09,0.09,0.09,0.08,0.08,0.08,0.07,0.07,0.08,0.07259520593905323,0.09,0.11,0.08
LHX,0.1,0.11,0.11,0.1,0.1,0.11,0.11,0.11,0.1,0.1,0.1,0.11,0.11,0.11,0.11,0.11,0.11,0.11,0.11,0.11,0.11,0.11,0.11,0.11,0.1045554751374867,0.11,0.11,0.11
AEP,0.1,0.1,0.1,0.1,0.1,0.11,0.11,0.12,0.1,0.1,0.1,0.12,0.12,0.12,0.12,0.12,0.12,0.12,0.12,0.12,0.12,0.12,0.12,0.12,0.11323694046413381,0.12,0.11,0.12
TFC,0.1,0.1,0.1,0.1,0.11,0.11,0.11,0.1,0.11,0.11,0.11,0.09,0.09,0.09,0.09,0.09,0.09,0.09,0.09,0.09,0.09,0.1,0.1,0.1,0.09472409093199144,0.09,0.11,0.1
PCAR,0.1,0.1,0.1,0.1,0.11,0.11,0.11,0.11,0.11,0.11,0.11,0.1,0.1,0.1,0.1,0.1,0.1,0.1,0.1,0.1,0.1,0.1,0.1,0.1,0.09769879369458591,0.1,0.11,0.1
CVNA,0.1,0.11,0.11,0.09,0.09,0.08,0.08,0.07,0.09,0.09,0.09,0.07,0.07,0.07,0.07,0.07,0.07,0.07,0.07,0.07,0.07,0.07,0.07,0.08,0.10865236541980451,0.07,0.11,0.07
ROST,0.1,0.1,0.1,0.1,0.1,0.1,0.1,0.11,0.1,0.1,0.1,0.11,0.11,0.11,0.11,0.11,0.12,0.12,0.12,0.12,0.12,0.12,0.12,0.12,0.11171615324422574,0.11,0.11,0.1
KMI,0.1,0.1,0.1,0.1,0.11,0.11,0.12,0.12,0.11,0.11,0.11,0.12,0.12,0.12,0.12,0.12,0.12,0.13,0.13,0.13,0.13,0.13,0.13,0.13,0.11517113845103188,0.12,0.11,0.12
SNDK,0.11,0.11,0.11,0.15,0.13,0.15,0.15,0.16,0.14,0.14,0.14,0.16,0.17,0.17,0.19,0.19,0.18,0.17,0.17,0.17,0.15,0.16,0.15,0.16,0.16259421927504572,0.16,0.1,0.14
SRE,0.09,0.09,0.09,0.09,0.09,0.1,0.1,0.1,0.09,0.09,0.09,0.1,0.1,0.1,0.1,0.1,0.1,0.1,0.1,0.1,0.11,0.11,0.11,0.11,0.10176030591416128,0.1,0.1,0.1
SPG,0.1,0.1,0.1,0.1,0.1,0.1,0.1,0.11,0.1,0.1,0.1,0.1,0.1,0.1,0.1,0.1,0.1,0.1,0.1,0.1,0.1,0.1,0.1,0.1,0.09626230028823278,0.1,0.1,0.11
TRV,0.1,0.1,0.1,0.1,0.1,0.1,0.1,0.11,0.1,0.11,0.1,0.11,0.11,0.11,0.11,0.11,0.11,0.11,0.11,0.1,0.11,0.11,0.11,0.11,0.10296588687863678,0.11,0.1,0.11
NXPI,0.09,0.09,0.09,0.09,0.09,0.1,0.09,0.09,0.09,0.09,0.09,0.08,0.08,0.08,0.08,0.08,0.08,0.08,0.08,0.08,0.08,0.08,0.08,0.08,0.07718922199339996,0.08,0.1,0.09
APD,0.09,0.09,0.09,0.1,0.1,0.1,0.1,0.1,0.1,0.1,0.1,0.11,0.11,0.1,0.1,0.11,0.11,0.1,0.11,0.11,0.11,0.11,0.11,0.11,0.10262399755061406,0.11,0.1,0.1
BDX,0.09,0.09,0.09,0.09,0.08,0.08,0.08,0.09,0.1,0.1,0.1,0.08,0.08,0.08,0.07,0.07,0.07,0.07,0.07,0.08,0.08,0.08,0.08,0.08,0.08789243331060148,0.08,0.1,0.08
URI,0.09,0.09,0.09,0.08,0.09,0.09,0.09,0.09,0.08,0.09,0.09,0.08,0.08,0.08,0.08,0.08,0.08,0.08,0.08,0.08,0.08,0.08,0.08,0.08,0.07241436686502019,0.08,0.1,0.09
AZO,0.1,0.1,0.1,0.1,0.1,0.1,0.1,0.1,0.1,0.1,0.1,0.1,0.09,0.09,0.09,0.09,0.09,0.09,0.09,0.09,0.1,0.09,0.1,0.09,0.08845976212442222,0.1,0.1,0.1
NDAQ,0.09,0.09,0.09,0.09,0.07,0.07,0.07,0.07,0.08,0.08,0.08,0.08,0.08,0.08,0.08,0.08,0.08,0.08,0.08,0.08,0.08,0.08,0.08,0.08,0.07768437338526854,0.08,0.09,0.08
AFL,0.09,0.09,0.09,0.09,0.1,0.1,0.09,0.09,0.1,0.1,0.1,0.09,0.09,0.09,0.09,0.09,0.09,0.09,0.09,0.09,0.09,0.09,0.1,0.1,0.0909163155034435,0.09,0.09,0.09
EOG,0.09,0.09,0.09,0.09,0.1,0.1,0.11,0.11,0.1,0.1,0.1,0.12,0.12,0.12,0.12,0.12,0.13,0.13,0.13,0.13,0.13,0.14,0.14,0.13,0.12015354788206356,0.12,0.09,0.11
IDXX,0.09,0.09,0.09,0.08,0.08,0.08,0.08,0.08,0.08,0.08,0.08,0.08,0.08,0.08,0.08,0.08,0.08,0.08,0.08,0.08,0.08,0.08,0.08,0.08,0.07120466992887493,0.08,0.09,0.08
VST,0.09,0.09,0.09,0.08,0.09,0.1,0.09,0.09,0.08,0.08,0.08,0.09,0.09,0.09,0.1,0.09,0.08,0.09,0.09,0.09,0.09,0.09,0.09,0.09,0.0803616200202562,0.09,0.09,0.09
O,0.09,0.09,0.09,0.09,0.09,0.1,0.1,0.1,0.09,0.09,0.09,0.1,0.1,0.1,0.1,0.1,0.1,0.1,0.09,0.09,0.1,0.1,0.1,0.1,0.09107905073333547,0.1,0.09,0.1
ADSK,0.09,0.09,0.09,0.09,0.08,0.08,0.08,0.07,0.08,0.08,0.08,0.09,0.09,0.09,0.09,0.09,0.09,0.09,0.08,0.08,0.09,0.08,0.09,0.09,0.0792485326566464,0.09,0.09,0.09
DLR,0.09,0.09,0.09,0.09,0.09,0.1,0.1,0.1,0.09,0.09,0.09,0.1,0.1,0.1,0.1,0.1,0.1,0.1,0.1,0.1,0.1,0.1,0.1,0.1,0.09979040830423401,0.1,0.09,0.1
FTNT,0.09,0.1,0.1,0.1,0.1,0.1,0.1,0.09,0.1,0.1,0.1,0.1,0.1,0.1,0.1,0.1,0.1,0.1,0.1,0.1,0.1,0.1,0.1,0.1,0.09636332809910747,0.1,0.09,0.1
VLO,0.09,0.09,0.09,0.09,0.1,0.1,0.1,0.1,0.1,0.1,0.1,0.11,0.11,0.12,0.12,0.12,0.12,0.12,0.12,0.12,0.13,0.13,0.13,0.12,0.11460187384428525,0.12,0.09,0.11
PSX,0.09,0.09,0.09,0.09,0.1,0.1,0.1,0.1,0.1,0.1,0.1,0.12,0.11,0.11,0.12,0.12,0.12,0.12,0.12,0.12,0.13,0.13,0.13,0.12,0.11087408975265622,0.12,0.09,0.1
ZTS,0.09,0.09,0.09,0.09,0.09,0.09,0.09,0.09,0.09,0.09,0.09,0.08,0.08,0.08,0.08,0.08,0.08,0.08,0.08,0.08,0.08,0.08,0.09,0.08,0.08160747962624347,0.08,0.09,0.09
F,0.09,0.09,0.09,0.09,0.09,0.09,0.09,0.09,0.09,0.09,0.09,0.08,0.08,0.08,0.08,0.08,0.08,0.08,0.08,0.08,0.08,0.08,0.08,0.08,0.07305535227811191,0.08,0.09,0.08
PYPL,0.08,0.08,0.08,0.08,0.06,0.06,0.06,0.07,0.06,0.06,0.06,0.07,0.07,0.07,0.07,0.07,0.07,0.07,0.07,0.07,0.07,0.07,0.07,0.07,0.06660829362202385,0.07,0.09,0.07
CMG,0.08,0.08,0.08,0.08,0.08,0.08,0.08,0.08,0.08,0.08,0.08,0.07,0.07,0.07,0.07,0.07,0.07,0.07,0.07,0.07,0.07,0.07,0.07,0.07,0.06884457820465723,0.07,0.09,0.08
MPC,0.09,0.08,0.08,0.08,0.1,0.1,0.09,0.09,0.09,0.09,0.1,0.11,0.11,0.11,0.12,0.12,0.12,0.11,0.12,0.12,0.12,0.13,0.13,0.12,0.11186708078039016,0.11,0.09,0.1
D,0.08,0.08,0.08,0.08,0.09,0.09,0.09,0.09,0.09,0.09,0.08,0.09,0.09,0.09,0.09,0.09,0.09,0.09,0.09,0.09,0.09,0.09,0.09,0.09,0.08662755019805317,0.09,0.09,0.09
PSA,0.08,0.08,0.08,0.08,0.08,0.09,0.08,0.09,0.08,0.08,0.08,0.09,0.08,0.08,0.08,0.08,0.08,0.08,0.08,0.08,0.08,0.08,0.08,0.08,0.07727067964522623,0.09,0.09,0.09
EA,0.08,0.08,0.08,0.08,0.08,0.08,0.08,0.08,0.08,0.08,0.08,0.08,0.08,0.08,0.08,0.08,0.09,0.08,0.08,0.08,0.09,0.09,0.09,0.09,0.08000014123956785,0.08,0.09,0.08
BKR,0.08,0.09,0.09,0.09,0.09,0.1,0.1,0.1,0.09,0.09,0.09,0.09,0.09,0.09,0.09,0.1,0.1,0.1,0.11,0.1,0.1,0.11,0.1,0.1,0.09402233062471387,0.09,0.09,0.1
CBRE,0.08,0.08,0.08,0.08,0.08,0.07,0.07,0.07,0.08,0.08,0.08,0.07,0.07,0.07,0.07,0.07,0.07,0.07,0.07,0.07,0.07,0.07,0.07,0.07,0.06382720873925578,0.06,0.08,0.07
GWW,0.08,0.08,0.08,0.08,0.09,0.09,0.09,0.09,0.09,0.09,0.09,0.08,0.08,0.08,0.08,0.08,0.08,0.08,0.08,0.09,0.09,0.09,0.09,0.09,0.08311734022760955,0.08,0.08,0.09
MET,0.08,0.08,0.08,0.08,0.08,0.08,0.08,0.08,0.08,0.08,0.08,0.07,0.07,0.07,0.07,0.07,0.08,0.08,0.08,0.08,0.08,0.08,0.08,0.08,0.07316252832166825,0.07,0.08,0.08
AXON,0.08,0.08,0.08,0.06,0.06,0.06,0.06,0.05,0.05,0.05,0.05,0.07,0.06,0.07,0.07,0.07,0.07,0.07,0.06,0.06,0.06,0.06,0.06,0.06,0.05211060660973222,0.07,0.08,0.08
CAH,0.08,0.08,0.08,0.08,0.08,0.09,0.08,0.09,0.08,0.09,0.09,0.09,0.08,0.08,0.08,0.08,0.08,0.08,0.08,0.08,0.08,0.08,0.08,0.08,0.07908591961966337,0.09,0.08,0.09
TGT,0.08,0.07,0.07,0.08,0.08,0.08,0.08,0.08,0.08,0.08,0.08,0.09,0.09,0.09,0.09,0.09,0.09,0.09,0.09,0.09,0.09,0.09,0.09,0.09,0.08564439891509218,0.09,0.08,0.09
ALL,0.08,0.08,0.08,0.08,0.08,0.09,0.09,0.09,0.09,0.09,0.09,0.09,0.09,0.09,0.09,0.09,0.09,0.09,0.09,0.09,0.09,0.09,0.09,0.09,0.0843651484889342,0.09,0.08,0.09
FAST,0.08,0.08,0.08,0.08,0.09,0.09,0.09,0.08,0.09,0.09,0.09,0.09,0.09,0.09,0.09,0.09,0.09,0.09,0.09,0.09,0.09,0.09,0.09,0.09,0.08347945569766554,0.09,0.08,0.09
AME,0.08,0.08,0.08,0.08,0.09,0.09,0.09,0.09,0.08,0.09,0.09,0.08,0.08,0.08,0.08,0.08,0.08,0.08,0.08,0.08,0.08,0.08,0.08,0.08,0.07851015306391969,0.08,0.08,0.09
MPWR,0.08,0.08,0.08,0.09,0.09,0.09,0.09,0.09,0.09,0.09,0.09,0.09,0.09,0.09,0.09,0.09,0.09,0.09,0.09,0.09,0.09,0.09,0.09,0.09,0.08625916430240656,0.09,0.08,0.09
WDAY,0.08,0.08,0.08,0.07,0.06,0.06,0.06,0.05,0.07,0.07,0.07,0.06,0.06,0.06,0.06,0.06,0.06,0.06,0.06,0.05,0.06,0.06,0.06,0.06,0.05461559983034166,0.06,0.08,0.06
EW,0.08,0.08,0.08,0.08,0.07,0.07,0.07,0.08,0.08,0.07,0.07,0.08,0.08,0.08,0.08,0.08,0.08,0.08,0.08,0.08,0.08,0.08,0.08,0.08,0.07391151297265025,0.08,0.08,0.08
CARR,0.08,0.08,0.08,0.08,0.09,0.09,0.08,0.09,0.08,0.09,0.09,0.08,0.08,0.08,0.08,0.08,0.08,0.08,0.08,0.08,0.08,0.08,0.08,0.08,0.07311235848573767,0.08,0.08,0.08
AMP,0.07,0.07,0.07,0.08,0.07,0.07,0.07,0.07,0.08,0.08,0.08,0.07,0.07,0.07,0.07,0.07,0.07,0.07,0.07,0.07,0.07,0.07,0.07,0.07,0.06330012641091813,0.07,0.08,0.07
CTVA,0.08,0.08,0.08,0.08,0.08,0.08,0.08,0.08,0.08,0.08,0.08,0.09,0.09,0.09,0.09,0.09,0.09,0.09,0.09,0.09,0.09,0.1,0.1,0.09,0.09024084596520633,0.09,0.08,0.09
OKE,0.08,0.08,0.08,0.08,0.08,0.09,0.09,0.09,0.08,0.08,0.08,0.09,0.09,0.09,0.09,0.09,0.1,0.1,0.1,0.1,0.1,0.1,0.1,0.1,0.08731413285979861,0.09,0.08,0.09
ROK,0.07,0.08,0.07,0.08,0.07,0.07,0.07,0.07,0.08,0.07,0.07,0.07,0.07,0.07,0.07,0.07,0.07,0.07,0.07,0.07,0.07,0.07,0.07,0.07,0.06443823116483301,0.07,0.08,0.07
DAL,0.07,0.07,0.07,0.07,0.08,0.07,0.07,0.07,0.07,0.07,0.08,0.06,0.07,0.07,0.07,0.07,0.07,0.07,0.07,0.07,0.07,0.07,0.07,0.07,0.06846188930745829,0.06,0.08,0.07
DHI,0.07,0.07,0.07,0.07,0.07,0.08,0.08,0.08,0.07,0.07,0.07,0.07,0.07,0.07,0.07,0.07,0.07,0.07,0.07,0.07,0.07,0.07,0.07,0.07,0.06384682391674434,0.07,0.07,0.07
MSCI,0.07,0.07,0.07,0.07,0.06,0.06,0.06,0.06,0.07,0.07,0.07,0.07,0.07,0.07,0.07,0.07,0.07,0.07,0.07,0.06,0.07,0.07,0.07,0.07,0.06284743383930512,0.07,0.07,0.07
EXC,0.07,0.07,0.07,0.07,0.07,0.08,0.08,0.08,0.07,0.07,0.07,0.08,0.08,0.08,0.08,0.08,0.08,0.08,0.08,0.08,0.08,0.09,0.09,0.08,0.07924895711622483,0.08,0.07,0.08
ROP,0.07,0.07,0.06,0.06,0.06,0.05,0.06,0.06,0.06,0.06,0.06,0.06,0.06,0.06,0.06,0.06,0.06,0.06,0.06,0.06,0.06,0.06,0.06,0.06,0.06048298818880551,0.06,0.07,0.06
XEL,0.07,0.07,0.07,0.07,0.07,0.08,0.08,0.08,0.07,0.07,0.07,0.09,0.08,0.08,0.08,0.08,0.08,0.08,0.08,0.08,0.08,0.08,0.09,0.08,0.07908972046225213,0.09,0.07,0.08
YUM,0.07,0.07,0.07,0.07,0.07,0.07,0.07,0.07,0.07,0.07,0.07,0.07,0.07,0.07,0.07,0.07,0.07,0.07,0.07,0.07,0.07,0.07,0.07,0.07,0.0680471022624412,0.07,0.07,0.07
TTWO,0.07,0.07,0.07,0.06,0.06,0.06,0.06,0.06,0.06,0.06,0.06,0.06,0.06,0.06,0.06,0.06,0.06,0.06,0.06,0.06,0.06,0.06,0.06,0.06,0.058111686872993513,0.06,0.07,0.07
FANG,0.07,0.07,0.07,0.07,0.08,0.08,0.08,0.08,0.08,0.08,0.08,0.09,0.08,0.09,0.09,0.09,0.09,0.09,0.09,0.09,0.1,0.1,0.1,0.09,0.08586895732570464,0.08,0.07,0.08
ETR,0.07,0.07,0.07,0.07,0.07,0.08,0.08,0.08,0.07,0.07,0.07,0.08,0.08,0.08,0.08,0.08,0.08,0.08,0.08,0.08,0.08,0.09,0.09,0.09,0.08258990418295653,0.08,0.07,0.08
OXY,0.07,0.07,0.07,0.07,0.07,0.07,0.08,0.08,0.07,0.07,0.07,0.09,0.09,0.09,0.1,0.1,0.1,0.1,0.1,0.1,0.11,0.11,0.11,0.11,0.09804926868226346,0.1,0.07,0.09
EBAY,0.07,0.07,0.07,0.07,0.06,0.06,0.06,0.06,0.06,0.06,0.06,0.07,0.07,0.07,0.07,0.07,0.07,0.07,0.07,0.07,0.07,0.07,0.07,0.07,0.0668105550423567,0.07,0.07,0.06
DDOG,0.07,0.08,0.08,0.07,0.07,0.07,0.07,0.06,0.06,0.06,0.06,0.07,0.07,0.07,0.08,0.08,0.08,0.08,0.07,0.07,0.07,0.07,0.07,0.07,0.06687063536632329,0.07,0.07,0.06
EL,0.07,0.07,0.07,0.07,0.06,0.06,0.07,0.07,0.07,0.06,0.06,0.05,0.05,0.05,0.05,0.05,0.05,0.05,0.04,0.04,0.04,0.04,0.04,0.04,0.03925700589368003,0.05,0.07,0.06
CTSH,0.06,0.07,0.06,0.06,0.06,0.05,0.05,0.05,0.06,0.06,0.06,0.05,0.05,0.05,0.05,0.05,0.05,0.05,0.05,0.05,0.05,0.05,0.05,0.05,0.04739357445210643,0.05,0.07,0.05
GRMN,0.06,0.06,0.06,0.06,0.06,0.07,0.07,0.08,0.06,0.06,0.06,0.07,0.07,0.07,0.07,0.08,0.08,0.08,0.08,0.08,0.08,0.08,0.08,0.08,0.07182203995451157,0.07,0.07,0.08
IQV,0.06,0.06,0.07,0.06,0.05,0.05,0.05,0.04,0.05,0.05,0.05,0.05,0.05,0.05,0.05,0.05,0.05,0.05,0.05,0.05,0.05,0.05,0.05,0.05,0.04616497298670622,0.05,0.07,0.05
VMC,0.06,0.06,0.06,0.06,0.07,0.07,0.06,0.07,0.07,0.07,0.07,0.06,0.06,0.06,0.06,0.06,0.06,0.06,0.06,0.06,0.06,0.06,0.06,0.06,0.057382870483193196,0.06,0.07,0.06
MCHP,0.06,0.06,0.06,0.07,0.07,0.07,0.07,0.07,0.07,0.07,0.07,0.06,0.06,0.06,0.06,0.06,0.06,0.06,0.06,0.06,0.06,0.06,0.06,0.06,0.05573683553161637,0.06,0.07,0.06
HSY,0.07,0.06,0.06,0.06,0.07,0.07,0.07,0.07,0.07,0.07,0.07,0.07,0.07,0.07,0.07,0.07,0.07,0.07,0.07,0.07,0.07,0.07,0.08,0.07,0.06561972726383487,0.07,0.07,0.08
XYZ,0.06,0.06,0.06,0.06,0.06,0.05,0.05,0.05,0.06,0.05,0.05,0.06,0.06,0.06,0.06,0.06,0.06,0.06,0.06,0.06,0.06,0.06,0.06,0.06,0.05703646644874523,0.06,0.07,0.06
KR,0.07,0.06,0.06,0.06,0.07,0.07,0.07,0.07,0.07,0.07,0.07,0.08,0.08,0.07,0.07,0.08,0.08,0.07,0.07,0.07,0.07,0.08,0.08,0.07,0.06974921732801811,0.08,0.07,0.07
NUE,0.06,0.06,0.06,0.07,0.07,0.07,0.07,0.07,0.07,0.07,0.07,0.06,0.06,0.06,0.06,0.06,0.06,0.06,0.06,0.06,0.06,0.06,0.07,0.06,0.06167741744253836,0.06,0.07,0.07
PAYX,0.06,0.06,0.06,0.06,0.06,0.05,0.05,0.05,0.06,0.06,0.06,0.06,0.06,0.05,0.05,0.06,0.06,0.06,0.05,0.06,0.06,0.06,0.06,0.06,0.051586675572204206,0.06,0.07,0.06
LVS,0.06,0.07,0.06,0.06,0.06,0.06,0.06,0.06,0.06,0.06,0.06,0.06,0.06,0.06,0.06,0.06,0.06,0.06,0.06,0.06,0.06,0.06,0.06,0.06,0.05768796045200622,0.06,0.07,0.06
TRGP,0.06,0.07,0.07,0.07,0.07,0.08,0.08,0.08,0.07,0.07,0.07,0.09,0.08,0.09,0.08,0.09,0.09,0.09,0.09,0.09,0.09,0.09,0.09,0.09,0.0824815769535738,0.09,0.07,0.08
CPRT,0.06,0.06,0.06,0.06,0.06,0.06,0.06,0.06,0.06,0.06,0.06,0.05,0.05,0.05,0.05,0.05,0.05,0.05,0.05,0.05,0.05,0.05,0.05,0.05,0.0507647481857877,0.05,0.06,0.06
PEG,0.06,0.06,0.06,0.06,0.07,0.07,0.07,0.07,0.07,0.06,0.06,0.07,0.07,0.07,0.07,0.07,0.07,0.07,0.07,0.07,0.07,0.07,0.07,0.07,0.06412486423424037,0.07,0.06,0.07
A,0.06,0.06,0.06,0.06,0.06,0.06,0.06,0.06,0.06,0.06,0.06,0.05,0.05,0.05,0.05,0.05,0.05,0.05,0.05,0.05,0.05,0.05,0.05,0.05,0.051283720763694834,0.05,0.06,0.05
CCI,0.06,0.06,0.06,0.06,0.06,0.06,0.06,0.06,0.06,0.06,0.06,0.06,0.06,0.06,0.06,0.06,0.06,0.06,0.06,0.06,0.06,0.06,0.06,0.06,0.0580473619532425,0.06,0.06,0.06
FIX,0.07,0.06,0.06,0.07,0.07,0.08,0.08,0.08,0.06,0.07,0.07,0.08,0.08,0.08,0.08,0.08,0.08,0.08,0.09,0.09,0.08,0.08,0.08,0.08,0.07848560515163318,0.08,0.06,0.08
AIG,0.06,0.06,0.06,0.06,0.06,0.07,0.07,0.07,0.07,0.07,0.07,0.07,0.07,0.07,0.07,0.07,0.07,0.07,0.07,0.07,0.07,0.07,0.07,0.07,0.06389570108032239,0.07,0.06,0.07
MLM,0.06,0.06,0.06,0.06,0.07,0.07,0.07,0.07,0.06,0.07,0.07,0.06,0.06,0.06,0.06,0.06,0.06,0.06,0.06,0.06,0.06,0.06,0.06,0.06,0.056551193388884015,0.06,0.06,0.06
WAB,0.06,0.06,0.06,0.06,0.07,0.07,0.07,0.07,0.07,0.07,0.07,0.07,0.07,0.07,0.07,0.07,0.07,0.07,0.07,0.07,0.07,0.07,0.07,0.07,0.06815530086770924,0.07,0.06,0.07
PRU,0.06,0.06,0.06,0.06,0.06,0.06,0.06,0.06,0.06,0.06,0.06,0.05,0.05,0.05,0.05,0.05,0.05,0.06,0.06,0.06,0.06,0.06,0.06,0.06,0.05331783717847851,0.05,0.06,0.06
CCL,0.06,0.06,0.06,0.07,0.07,0.07,0.07,0.07,0.07,0.07,0.07,0.06,0.06,0.06,0.06,0.06,0.06,0.06,0.06,0.06,0.06,0.06,0.06,0.06,0.05576272756590126,0.06,0.06,0.06
SYY,0.06,0.06,0.06,0.06,0.07,0.07,0.07,0.07,0.07,0.07,0.07,0.07,0.07,0.07,0.07,0.07,0.07,0.07,0.07,0.07,0.07,0.07,0.06,0.06,0.05351075084127705,0.07,0.06,0.07
RMD,0.06,0.06,0.06,0.06,0.06,0.06,0.06,0.06,0.06,0.06,0.06,0.06,0.06,0.06,0.06,0.06,0.06,0.06,0.06,0.06,0.06,0.06,0.06,0.06,0.051357927231056075,0.06,0.06,0.06
ED,0.06,0.06,0.06,0.06,0.06,0.07,0.07,0.07,0.06,0.06,0.06,0.07,0.07,0.07,0.07,0.07,0.07,0.07,0.07,0.07,0.07,0.07,0.07,0.07,0.06548206087389385,0.07,0.06,0.07
ARES,0.06,0.05,0.05,0.05,0.05,0.05,0.05,0.04,0.05,0.04,0.05,0.04,0.04,0.04,0.04,0.04,0.04,0.04,0.04,0.04,0.04,0.04,0.04,0.04,0.053220854596010475,0.04,0.06,0.04
GEHC,0.06,0.06,0.06,0.06,0.06,0.06,0.06,0.06,0.06,0.06,0.06,0.05,0.05,0.05,0.05,0.05,0.05,0.05,0.05,0.06,0.06,0.05,0.05,0.05,0.05040082233131759,0.05,0.06,0.06
KDP,0.06,0.06,0.06,0.06,0.06,0.06,0.06,0.07,0.06,0.06,0.06,0.06,0.06,0.06,0.06,0.06,0.06,0.06,0.06,0.06,0.06,0.06,0.06,0.06,0.053992981940826114,0.06,0.06,0.07
FICO,0.06,0.06,0.06,0.05,0.05,0.05,0.05,0.05,0.05,0.05,0.05,0.04,0.05,0.05,0.05,0.04,0.05,0.04,0.04,0.04,0.04,0.04,0.04,0.04,0.04058981540119036,0.04,0.06,0.06
VTR,0.06,0.06,0.06,0.06,0.06,0.07,0.07,0.07,0.06,0.06,0.06,0.07,0.07,0.07,0.07,0.07,0.07,0.07,0.07,0.07,0.07,0.07,0.07,0.07,0.06209874502378687,0.07,0.06,0.07
KEYS,0.06,0.06,0.06,0.06,0.06,0.06,0.07,0.07,0.06,0.06,0.06,0.08,0.08,0.08,0.08,0.08,0.08,0.08,0.09,0.08,0.08,0.08,0.08,0.08,0.07843186599652026,0.08,0.06,0.08
UAL,0.06,0.06,0.05,0.05,0.06,0.06,0.06,0.06,0.06,0.06,0.06,0.05,0.05,0.05,0.05,0.05,0.05,0.05,0.05,0.05,0.05,0.05,0.05,0.05,0.046870990752179674,0.05,0.06,0.05
ODFL,0.06,0.06,0.06,0.06,0.06,0.07,0.07,0.07,0.07,0.07,0.07,0.06,0.06,0.06,0.06,0.06,0.07,0.07,0.06,0.07,0.07,0.07,0.07,0.07,0.06500525128077851,0.06,0.06,0.07
HIG,0.06,0.06,0.06,0.06,0.06,0.06,0.06,0.06,0.06,0.06,0.06,0.06,0.06,0.06,0.06,0.06,0.06,0.06,0.06,0.06,0.06,0.06,0.06,0.06,0.059638493701468565,0.06,0.06,0.06
STT,0.06,0.06,0.06,0.06,0.06,0.06,0.06,0.06,0.06,0.06,0.06,0.06,0.06,0.06,0.06,0.06,0.06,0.06,0.06,0.06,0.06,0.06,0.06,0.06,0.05648571085210089,0.06,0.06,0.06
TER,0.06,0.06,0.06,0.06,0.08,0.08,0.08,0.08,0.07,0.07,0.07,0.07,0.08,0.08,0.08,0.08,0.08,0.08,0.08,0.08,0.08,0.08,0.08,0.08,0.07610566672652049,0.07,0.06,0.08
FISV,0.06,0.06,0.06,0.05,0.05,0.05,0.05,0.05,0.05,0.05,0.05,0.05,0.05,0.05,0.05,0.05,0.05,0.05,0.05,0.05,0.05,0.05,0.05,0.05,0.04742663084957895,0.05,0.05,0.05
XYL,0.06,0.06,0.05,0.05,0.05,0.05,0.05,0.05,0.05,0.06,0.06,0.05,0.05,0.05,0.05,0.05,0.05,0.05,0.05,0.05,0.05,0.05,0.05,0.05,0.046292320507047104,0.05,0.05,0.05
WEC,0.06,0.06,0.06,0.06,0.06,0.06,0.06,0.06,0.06,0.06,0.06,0.06,0.06,0.06,0.06,0.06,0.06,0.06,0.06,0.06,0.06,0.06,0.07,0.06,0.06012888600109401,0.06,0.05,0.06
OTIS,0.06,0.06,0.06,0.05,0.06,0.06,0.06,0.06,0.06,0.06,0.06,0.05,0.05,0.05,0.05,0.05,0.05,0.05,0.05,0.05,0.05,0.05,0.05,0.05,0.04764254250408212,0.05,0.05,0.06
EXPE,0.05,0.05,0.05,0.05,0.05,0.04,0.04,0.04,0.05,0.05,0.05,0.05,0.05,0.05,0.05,0.05,0.05,0.05,0.05,0.05,0.05,0.05,0.05,0.05,0.0433464327617436,0.05,0.05,0.04
IR,0.05,0.05,0.05,0.06,0.06,0.06,0.06,0.06,0.06,0.06,0.06,0.05,0.05,0.05,0.05,0.05,0.05,0.05,0.05,0.05,0.05,0.05,0.05,0.05,0.048333041770119545,0.05,0.05,0.06
PCG,0.05,0.05,0.05,0.05,0.06,0.06,0.06,0.07,0.06,0.06,0.06,0.07,0.07,0.07,0.07,0.07,0.06,0.06,0.06,0.06,0.06,0.07,0.07,0.07,0.061325521158393605,0.07,0.05,0.07
RJF,0.05,0.05,0.05,0.05,0.05,0.05,0.05,0.05,0.05,0.05,0.05,0.05,0.05,0.05,0.05,0.05,0.05,0.05,0.05,0.05,0.05,0.05,0.05,0.05,0.04408927561124967,0.05,0.05,0.05
LYV,0.05,0.05,0.05,0.05,0.06,0.06,0.06,0.06,0.05,0.05,0.05,0.06,0.06,0.06,0.06,0.06,0.06,0.06,0.06,0.06,0.06,0.06,0.06,0.06,0.05741986277857489,0.06,0.05,0.06
KMB,0.05,0.05,0.05,0.05,0.06,0.06,0.06,0.06,0.06,0.06,0.06,0.05,0.05,0.05,0.05,0.05,0.06,0.06,0.06,0.06,0.06,0.06,0.06,0.05,0.0500993788561557,0.05,0.05,0.06
KVUE,0.05,0.05,0.05,0.05,0.06,0.06,0.06,0.06,0.06,0.06,0.06,0.06,0.06,0.06,0.06,0.06,0.06,0.06,0.06,0.06,0.06,0.06,0.06,0.06,0.051582768614720824,0.06,0.05,0.06
ACGL,0.05,0.05,0.05,0.06,0.06,0.06,0.06,0.06,0.06,0.06,0.06,0.06,0.05,0.06,0.06,0.05,0.06,0.06,0.06,0.06,0.06,0.06,0.06,0.06,0.05411544496041206,0.06,0.05,0.06
HUM,0.05,0.05,0.04,0.04,0.03,0.04,0.04,0.04,0.04,0.04,0.04,0.03,0.03,0.03,0.03,0.03,0.03,0.03,0.03,0.03,0.04,0.04,0.03,0.04,0.033672105031477224,0.03,0.05,0.04
FIS,0.05,0.05,0.05,0.05,0.04,0.04,0.04,0.04,0.04,0.04,0.04,0.04,0.04,0.04,0.04,0.04,0.04,0.04,0.04,0.04,0.04,0.04,0.04,0.04,0.03763780193242526,0.04,0.05,0.04
DG,0.05,0.05,0.05,0.05,0.05,0.05,0.05,0.05,0.05,0.05,0.05,0.05,0.05,0.05,0.05,0.05,0.05,0.05,0.04,0.04,0.04,0.04,0.05,0.04,0.04140386777618564,0.05,0.05,0.05
IBKR,0.05,0.05,0.05,0.05,0.05,0.05,0.05,0.05,0.05,0.05,0.05,0.05,0.05,0.05,0.05,0.05,0.05,0.05,0.05,0.05,0.05,0.05,0.05,0.05,0.18083196111950672,0.05,0.05,0.05
MTB,0.05,0.05,0.05,0.05,0.06,0.06,0.06,0.06,0.06,0.06,0.06,0.05,0.05,0.05,0.05,0.05,0.05,0.05,0.05,0.05,0.05,0.05,0.05,0.05,0.04916652603323996,0.05,0.05,0.05
FITB,0.05,0.05,0.05,0.05,0.08,0.08,0.08,0.07,0.09,0.08,0.08,0.07,0.07,0.07,0.07,0.07,0.07,0.07,0.07,0.07,0.07,0.07,0.07,0.07,0.06698298209928974,0.07,0.05,0.07
EXR,0.05,0.05,0.05,0.05,0.05,0.05,0.05,0.05,0.05,0.05,0.05,0.05,0.05,0.05,0.05,0.05,0.05,0.05,0.05,0.05,0.05,0.05,0.05,0.05,0.046574055552237294,0.05,0.05,0.05
WTW,0.05,0.05,0.05,0.05,0.04,0.05,0.05,0.04,0.05,0.05,0.05,0.05,0.05,0.05,0.05,0.05,0.05,0.05,0.05,0.05,0.05,0.05,0.05,0.05,0.042848114001051055,0.05,0.05,0.05
EQT,0.05,0.06,0.05,0.05,0.05,0.06,0.06,0.06,0.06,0.06,0.06,0.07,0.07,0.07,0.07,0.07,0.07,0.07,0.07,0.07,0.07,0.07,0.07,0.07,0.058516994320758756,0.07,0.05,0.06
ADM,0.05,0.05,0.05,0.05,0.05,0.05,0.05,0.05,0.05,0.05,0.05,0.06,0.06,0.06,0.06,0.06,0.05,0.05,0.06,0.06,0.06,0.06,0.06,0.06,0.0558621733001654,0.06,0.05,0.05
EME,0.05,0.05,0.05,0.05,0.06,0.06,0.06,0.06,0.05,0.05,0.05,0.05,0.05,0.05,0.05,0.06,0.05,0.06,0.06,0.06,0.05,0.06,0.05,0.06,0.05315859730890294,0.05,0.05,0.05
VICI,0.05,0.05,0.05,0.05,0.05,0.05,0.05,0.05,0.05,0.05,0.05,0.05,0.05,0.05,0.05,0.05,0.05,0.05,0.05,0.05,0.05,0.05,0.05,0.05,0.0464256361863091,0.05,0.05,0.05
VRSK,0.05,0.05,0.05,0.05,0.04,0.04,0.04,0.04,0.04,0.04,0.04,0.05,0.05,0.05,0.05,0.05,0.05,0.05,0.05,0.04,0.04,0.04,0.04,0.04,0.040501328441496884,0.05,0.05,0.05
ROL,0.05,0.05,0.05,0.05,0.05,0.05,0.05,0.05,0.05,0.05,0.05,0.04,0.04,0.04,0.04,0.04,0.04,0.04,0.04,0.04,0.04,0.04,0.04,0.04,0.040813126157890435,0.04,0.05,0.05
MTD,0.05,0.05,0.05,0.04,0.05,0.04,0.05,0.05,0.05,0.05,0.04,0.04,0.04,0.04,0.04,0.04,0.04,0.04,0.04,0.04,0.04,0.04,0.04,0.04,0.04020852850684144,0.04,0.05,0.04
ULTA,0.05,0.05,0.05,0.05,0.05,0.05,0.05,0.05,0.05,0.05,0.05,0.04,0.04,0.04,0.04,0.04,0.04,0.04,0.04,0.04,0.04,0.04,0.04,0.04,0.037431295916308005,0.04,0.05,0.05
LEN,0.05,0.04,0.04,0.04,0.05,0.05,0.05,0.05,0.05,0.05,0.04,0.04,0.04,0.04,0.04,0.04,0.04,0.04,0.04,0.04,0.04,0.04,0.04,0.04,0.033626848636727394,0.04,0.05,0.04
NRG,0.05,0.05,0.05,0.05,0.05,0.06,0.06,0.06,0.05,0.05,0.05,0.05,0.05,0.05,0.06,0.06,0.05,0.05,0.05,0.05,0.05,0.05,0.05,0.05,0.050915367024076896,0.05,0.05,0.06
SYF,0.04,0.04,0.04,0.04,0.04,0.04,0.04,0.04,0.04,0.04,0.04,0.04,0.04,0.04,0.04,0.04,0.04,0.04,0.04,0.04,0.04,0.04,0.04,0.04,0.03869228493378441,0.04,0.05,0.04
CBOE,0.05,0.05,0.04,0.04,0.05,0.05,0.05,0.05,0.05,0.05,0.05,0.05,0.05,0.05,0.05,0.05,0.05,0.05,0.05,0.05,0.05,0.05,0.05,0.05,0.047650587942455296,0.05,0.05,0.05
HPE,0.04,0.05,0.05,0.05,0.05,0.05,0.05,0.04,0.05,0.05,0.05,0.05,0.05,0.05,0.05,0.05,0.05,0.05,0.05,0.06,0.06,0.05,0.05,0.05,0.051345981266405244,0.05,0.05,0.05
HBAN,0.05,0.04,0.04,0.04,0.06,0.06,0.06,0.06,0.06,0.06,0.06,0.05,0.05,0.05,0.05,0.05,0.05,0.05,0.05,0.05,0.05,0.05,0.05,0.05,0.050504621991863605,0.05,0.05,0.06
IRM,0.04,0.04,0.04,0.04,0.05,0.05,0.05,0.05,0.04,0.04,0.05,0.05,0.05,0.05,0.05,0.05,0.05,0.05,0.05,0.05,0.05,0.05,0.05,0.05,0.04824905665443984,0.05,0.05,0.05
DOV,0.04,0.05,0.05,0.05,0.05,0.05,0.05,0.05,0.05,0.05,0.05,0.05,0.05,0.05,0.05,0.05,0.05,0.05,0.05,0.05,0.05,0.05,0.05,0.05,0.043490568944652974,0.05,0.05,0.05
DTE,0.05,0.04,0.05,0.04,0.05,0.05,0.05,0.05,0.05,0.05,0.04,0.05,0.05,0.05,0.05,0.05,0.05,0.05,0.05,0.05,0.05,0.05,0.05,0.05,0.048354126478118306,0.05,0.05,0.05
AEE,0.05,0.04,0.04,0.04,0.05,0.05,0.05,0.05,0.05,0.05,0.05,0.05,0.05,0.05,0.05,0.05,0.05,0.05,0.05,0.05,0.05,0.05,0.05,0.05,0.04847127089056228,0.05,0.05,0.05
KHC,0.05,0.04,0.04,0.04,0.05,0.05,0.05,0.05,0.05,0.05,0.05,0.04,0.04,0.04,0.04,0.04,0.04,0.04,0.04,0.04,0.04,0.05,0.05,0.04,0.04235794357802343,0.04,0.05,0.05
DLTR,0.04,0.04,0.04,0.04,0.04,0.04,0.04,0.04,0.04,0.04,0.04,0.04,0.04,0.04,0.04,0.04,0.04,0.04,0.04,0.04,0.04,0.04,0.04,0.04,0.03385747167434698,0.04,0.05,0.04
CSGP,0.04,0.04,0.04,0.04,0.03,0.03,0.03,0.03,0.04,0.04,0.03,0.03,0.03,0.03,0.03,0.03,0.03,0.03,0.03,0.03,0.03,0.03,0.03,0.03,0.026584808589964034,0.03,0.05,0.03
ATO,0.04,0.04,0.04,0.04,0.05,0.05,0.05,0.05,0.05,0.04,0.05,0.05,0.05,0.05,0.05,0.05,0.05,0.05,0.05,0.05,0.05,0.05,0.05,0.05,0.04908661187078985,0.05,0.05,0.05
NTRS,0.04,0.04,0.04,0.04,0.04,0.04,0.04,0.04,0.04,0.04,0.05,0.04,0.04,0.04,0.04,0.04,0.04,0.04,0.04,0.04,0.04,0.04,0.04,0.04,0.0422392460293947,0.04,0.05,0.04
HAL,0.04,0.05,0.05,0.04,0.05,0.05,0.05,0.05,0.05,0.05,0.05,0.05,0.05,0.05,0.05,0.05,0.05,0.05,0.05,0.05,0.06,0.06,0.06,0.06,0.05043988225934276,0.05,0.05,0.05
FE,0.04,0.04,0.04,0.04,0.04,0.05,0.05,0.05,0.04,0.04,0.04,0.05,0.05,0.05,0.05,0.05,0.05,0.05,0.05,0.05,0.05,0.05,0.05,0.05,0.04655988117479966,0.05,0.04,0.05
BRO,0.04,0.04,0.04,0.04,0.04,0.04,0.04,0.04,0.04,0.04,0.04,0.04,0.04,0.04,0.04,0.04,0.04,0.04,0.04,0.04,0.04,0.04,0.04,0.04,0.03525026182213503,0.04,0.04,0.04
TDY,0.04,0.05,0.05,0.05,0.05,0.05,0.05,0.05,0.05,0.05,0.05,0.05,0.05,0.05,0.05,0.05,0.05,0.05,0.05,0.05,0.05,0.05,0.05,0.05,0.04531627570642213,0.05,0.04,0.05
PPL,0.04,0.04,0.04,0.04,0.04,0.05,0.04,0.04,0.04,0.04,0.04,0.05,0.05,0.05,0.05,0.05,0.05,0.05,0.05,0.05,0.05,0.05,0.05,0.05,0.04558131855712984,0.05,0.04,0.05
STZ,0.05,0.04,0.04,0.04,0.05,0.04,0.04,0.04,0.05,0.05,0.05,0.04,0.04,0.04,0.04,0.04,0.04,0.04,0.04,0.04,0.04,0.05,0.05,0.04,0.041330220823723264,0.04,0.04,0.04
DXCM,0.04,0.05,0.05,0.04,0.04,0.04,0.04,0.05,0.04,0.04,0.04,0.04,0.04,0.04,0.04,0.04,0.04,0.04,0.04,0.04,0.04,0.04,0.04,0.04,0.038101771623292764,0.04,0.04,0.05
TSCO,0.04,0.05,0.05,0.04,0.05,0.04,0.04,0.05,0.05,0.05,0.05,0.04,0.04,0.04,0.04,0.04,0.04,0.04,0.04,0.04,0.04,0.04,0.04,0.04,0.036214334933286255,0.04,0.04,0.04
EFX,0.04,0.04,0.04,0.04,0.04,0.04,0.04,0.04,0.04,0.04,0.04,0.04,0.04,0.04,0.04,0.04,0.04,0.04,0.03,0.03,0.04,0.04,0.04,0.04,0.03454660430916594,0.04,0.04,0.04
TPR,0.04,0.04,0.04,0.04,0.05,0.05,0.05,0.05,0.04,0.05,0.05,0.05,0.05,0.05,0.05,0.05,0.05,0.05,0.05,0.05,0.05,0.05,0.05,0.05,0.04537100205161521,0.05,0.04,0.05
JBL,0.04,0.04,0.04,0.04,0.04,0.04,0.04,0.04,0.04,0.04,0.04,0.04,0.04,0.05,0.05,0.05,0.05,0.05,0.05,0.05,0.05,0.05,0.05,0.05,0.045042470337901916,0.04,0.04,0.04
STE,0.04,0.04,0.04,0.04,0.04,0.04,0.04,0.04,0.04,0.04,0.04,0.04,0.04,0.04,0.04,0.04,0.04,0.04,0.04,0.04,0.04,0.04,0.04,0.04,0.03370374656368828,0.04,0.04,0.04
ES,0.04,0.04,0.04,0.04,0.04,0.04,0.04,0.05,0.04,0.04,0.04,0.05,0.05,0.04,0.05,0.04,0.04,0.04,0.04,0.04,0.04,0.04,0.04,0.04,0.04099575953832326,0.05,0.04,0.05
FSLR,0.04,0.04,0.04,0.04,0.04,0.04,0.04,0.04,0.04,0.04,0.04,0.04,0.04,0.04,0.04,0.04,0.04,0.03,0.03,0.03,0.03,0.04,0.03,0.04,0.032909659866894064,0.03,0.04,0.03
CFG,0.04,0.04,0.04,0.04,0.05,0.04,0.04,0.04,0.05,0.05,0.05,0.04,0.04,0.04,0.04,0.04,0.04,0.04,0.04,0.04,0.04,0.04,0.04,0.04,0.04112825845445705,0.04,0.04,0.04
AWK,0.04,0.04,0.04,0.04,0.04,0.04,0.04,0.04,0.04,0.04,0.04,0.05,0.04,0.04,0.04,0.04,0.04,0.04,0.04,0.04,0.05,0.05,0.05,0.04,0.042355509366653124,0.05,0.04,0.04
HUBB,0.04,0.04,0.04,0.04,0.04,0.05,0.05,0.04,0.04,0.04,0.04,0.04,0.04,0.04,0.04,0.04,0.04,0.04,0.05,0.04,0.04,0.04,0.04,0.04,0.041255056106707676,0.04,0.04,0.04
CNP,0.04,0.04,0.04,0.04,0.04,0.05,0.04,0.05,0.04,0.04,0.04,0.05,0.05,0.05,0.05,0.05,0.05,0.05,0.05,0.05,0.05,0.05,0.05,0.05,0.044895147492551364,0.05,0.04,0.05
AVB,0.04,0.04,0.04,0.04,0.04,0.04,0.04,0.04,0.04,0.04,0.04,0.04,0.04,0.04,0.04,0.04,0.04,0.04,0.04,0.04,0.04,0.04,0.04,0.04,0.03690970905327001,0.04,0.04,0.04
WRB,0.04,0.04,0.04,0.04,0.04,0.04,0.04,0.04,0.04,0.04,0.04,0.04,0.04,0.04,0.04,0.04,0.04,0.04,0.04,0.04,0.04,0.04,0.04,0.04,0.039374799857903126,0.04,0.04,0.04
BR,0.04,0.04,0.04,0.04,0.03,0.03,0.03,0.03,0.04,0.04,0.03,0.03,0.03,0.03,0.03,0.03,0.03,0.03,0.03,0.03,0.03,0.03,0.03,0.03,0.029499966426469272,0.03,0.04,0.04
VLTO,0.04,0.04,0.04,0.04,0.04,0.04,0.04,0.04,0.04,0.04,0.04,0.04,0.04,0.04,0.04,0.04,0.04,0.04,0.04,0.04,0.04,0.04,0.04,0.04,0.03424851792339718,0.04,0.04,0.04
PHM,0.04,0.04,0.04,0.04,0.04,0.04,0.04,0.04,0.04,0.04,0.04,0.04,0.04,0.04,0.04,0.04,0.04,0.04,0.04,0.04,0.04,0.04,0.04,0.04,0.03538463865034313,0.04,0.04,0.04
STLD,0.04,0.04,0.04,0.04,0.05,0.05,0.04,0.05,0.05,0.05,0.05,0.04,0.04,0.04,0.04,0.04,0.04,0.04,0.04,0.04,0.04,0.04,0.04,0.04,0.04099235421488713,0.04,0.04,0.05
CINF,0.04,0.04,0.04,0.04,0.04,0.04,0.04,0.04,0.04,0.04,0.04,0.04,0.04,0.04,0.04,0.04,0.04,0.04,0.04,0.04,0.04,0.04,0.04,0.04,0.03872266273406874,0.04,0.04,0.04
WSM,0.04,0.04,0.04,0.04,0.04,0.04,0.04,0.04,0.04,0.04,0.04,0.04,0.04,0.04,0.04,0.04,0.04,0.04,0.04,0.04,0.04,0.04,0.04,0.04,0.033668243092433985,0.04,0.04,0.04
OMC,0.04,0.04,0.04,0.04,0.04,0.03,0.04,0.04,0.04,0.04,0.04,0.04,0.04,0.04,0.04,0.04,0.04,0.04,0.04,0.04,0.04,0.04,0.04,0.04,0.03645228311423681,0.04,0.04,0.04
LDOS,0.04,0.04,0.04,0.04,0.04,0.03,0.04,0.04,0.04,0.04,0.04,0.04,0.03,0.04,0.04,0.04,0.04,0.03,0.03,0.03,0.03,0.03,0.03,0.03,0.031518069138975396,0.04,0.04,0.04
PPG,0.04,0.04,0.04,0.04,0.05,0.05,0.04,0.05,0.04,0.05,0.05,0.04,0.04,0.04,0.04,0.04,0.04,0.04,0.04,0.04,0.04,0.04,0.04,0.04,0.036277547254445285,0.04,0.04,0.04
DRI,0.04,0.04,0.04,0.04,0.04,0.04,0.04,0.04,0.04,0.04,0.04,0.04,0.04,0.04,0.04,0.04,0.04,0.04,0.04,0.04,0.04,0.04,0.04,0.04,0.03549298517334305,0.04,0.04,0.04
CHTR,0.04,0.04,0.04,0.04,0.05,0.05,0.05,0.05,0.05,0.05,0.05,0.05,0.05,0.05,0.04,0.04,0.05,0.05,0.05,0.05,0.05,0.05,0.05,0.05,0.04370008798065659,0.05,0.04,0.05
ON,0.04,0.04,0.04,0.04,0.04,0.05,0.04,0.04,0.04,0.04,0.04,0.04,0.04,0.04,0.04,0.04,0.04,0.04,0.04,0.04,0.04,0.04,0.04,0.04,0.03929050925995106,0.04,0.04,0.04
BIIB,0.04,0.04,0.04,0.04,0.04,0.05,0.05,0.05,0.04,0.04,0.05,0.04,0.04,0.04,0.04,0.04,0.05,0.05,0.05,0.05,0.05,0.05,0.05,0.05,0.04086415134418363,0.04,0.04,0.04
RF,0.04,0.04,0.04,0.04,0.04,0.04,0.04,0.04,0.04,0.04,0.04,0.04,0.04,0.04,0.04,0.04,0.04,0.04,0.04,0.04,0.04,0.04,0.04,0.04,0.03588823421534039,0.04,0.04,0.04
EIX,0.04,0.04,0.04,0.04,0.04,0.04,0.04,0.05,0.04,0.04,0.04,0.05,0.05,0.05,0.05,0.05,0.05,0.05,0.05,0.05,0.05,0.05,0.05,0.05,0.04439540421978875,0.05,0.04,0.05
EXE,0.04,0.04,0.04,0.04,0.04,0.04,0.04,0.04,0.04,0.04,0.04,0.04,0.04,0.04,0.04,0.04,0.04,0.04,0.04,0.05,0.05,0.05,0.05,0.04,0.03921367242944465,0.04,0.04,0.04
GIS,0.04,0.04,0.04,0.04,0.04,0.04,0.04,0.04,0.04,0.04,0.04,0.03,0.03,0.03,0.03,0.03,0.03,0.03,0.03,0.03,0.03,0.03,0.03,0.03,0.031355819465116334,0.04,0.04,0.04
LULU,0.04,0.04,0.03,0.03,0.03,0.03,0.03,0.03,0.03,0.03,0.03,0.03,0.03,0.03,0.03,0.03,0.03,0.03,0.03,0.03,0.03,0.03,0.03,0.03,0.028682434769171924,0.03,0.04,0.03
EQR,0.04,0.04,0.04,0.04,0.04,0.04,0.04,0.04,0.04,0.04,0.04,0.04,0.04,0.04,0.04,0.04,0.04,0.04,0.04,0.04,0.04,0.04,0.04,0.04,0.03710848154449219,0.04,0.04,0.04
TPL,0.04,0.04,0.04,0.04,0.04,0.05,0.05,0.06,0.04,0.04,0.04,0.06,0.06,0.06,0.06,0.06,0.06,0.06,0.06,0.06,0.06,0.06,0.06,0.06,0.04808738578909684,0.06,0.04,0.06
TROW,0.04,0.04,0.04,0.04,0.03,0.03,0.03,0.03,0.03,0.03,0.03,0.03,0.03,0.03,0.03,0.03,0.03,0.03,0.03,0.03,0.03,0.03,0.03,0.03,0.03087423470174354,0.03,0.04,0.03
VRSN,0.04,0.04,0.04,0.04,0.03,0.03,0.03,0.03,0.04,0.04,0.03,0.04,0.04,0.04,0.04,0.04,0.04,0.04,0.04,0.04,0.04,0.04,0.04,0.04,0.03782116525470889,0.04,0.04,0.03
WAT,0.04,0.04,0.04,0.04,0.03,0.05,0.05,0.05,0.04,0.04,0.04,0.05,0.05,0.05,0.05,0.05,0.05,0.05,0.05,0.05,0.05,0.05,0.05,0.05,0.04686256265706532,0.05,0.04,0.05
KEY,0.04,0.04,0.04,0.04,0.04,0.04,0.04,0.04,0.04,0.04,0.04,0.03,0.03,0.03,0.03,0.04,0.04,0.04,0.04,0.04,0.04,0.04,0.04,0.04,0.035021626027087235,0.03,0.04,0.04
IP,0.04,0.04,0.04,0.03,0.04,0.04,0.04,0.04,0.04,0.04,0.04,0.03,0.03,0.03,0.03,0.03,0.03,0.03,0.03,0.03,0.03,0.03,0.03,0.03,0.028922881473550127,0.03,0.04,0.04
DVN,0.04,0.04,0.04,0.04,0.04,0.04,0.04,0.04,0.04,0.04,0.04,0.05,0.05,0.05,0.05,0.05,0.05,0.05,0.05,0.05,0.05,0.06,0.06,0.05,0.04829028068319448,0.05,0.04,0.04
CNC,0.04,0.04,0.03,0.03,0.03,0.03,0.03,0.03,0.03,0.03,0.03,0.03,0.03,0.03,0.03,0.03,0.03,0.03,0.03,0.03,0.03,0.03,0.03,0.03,0.027109876343105528,0.03,0.04,0.04
LH,0.04,0.04,0.04,0.04,0.04,0.04,0.04,0.04,0.04,0.04,0.04,0.04,0.04,0.04,0.04,0.04,0.04,0.04,0.04,0.04,0.04,0.04,0.04,0.04,0.03562816911787076,0.04,0.04,0.04
CPAY,0.03,0.04,0.04,0.03,0.04,0.04,0.04,0.04,0.03,0.04,0.04,0.04,0.03,0.03,0.03,0.03,0.03,0.03,0.03,0.03,0.03,0.03,0.03,0.03,0.03222118321505996,0.04,0.04,0.04
SW,0.03,0.04,0.04,0.03,0.04,0.04,0.04,0.04,0.04,0.04,0.04,0.03,0.03,0.03,0.03,0.03,0.03,0.03,0.04,0.04,0.04,0.04,0.03,0.04,0.032341205592069884,0.03,0.04,0.04
LUV,0.04,0.03,0.03,0.04,0.04,0.04,0.04,0.04,0.04,0.04,0.04,0.03,0.03,0.03,0.03,0.03,0.03,0.03,0.03,0.03,0.03,0.03,0.03,0.03,0.029005673600566183,0.03,0.04,0.04
RL,0.04,0.03,0.03,0.03,0.03,0.04,0.04,0.04,0.03,0.03,0.03,0.03,0.03,0.03,0.03,0.03,0.03,0.03,0.03,0.03,0.03,0.03,0.03,0.04,0.03313603830872924,0.03,0.04,0.04
CMS,0.04,0.03,0.03,0.03,0.04,0.04,0.04,0.04,0.04,0.04,0.04,0.04,0.04,0.04,0.04,0.04,0.04,0.04,0.04,0.04,0.04,0.04,0.04,0.04,0.03800060232589194,0.04,0.03,0.04
EXPD,0.03,0.03,0.03,0.03,0.03,0.03,0.03,0.03,0.04,0.04,0.04,0.03,0.03,0.03,0.03,0.03,0.03,0.03,0.03,0.03,0.03,0.03,0.03,0.03,0.030564195920118224,0.03,0.03,0.03
CHD,0.04,0.04,0.04,0.04,0.04,0.04,0.04,0.04,0.04,0.04,0.04,0.04,0.04,0.04,0.04,0.04,0.04,0.04,0.04,0.04,0.04,0.04,0.04,0.04,0.034532954074995625,0.04,0.03,0.04
TSN,0.04,0.04,0.04,0.04,0.04,0.04,0.04,0.04,0.04,0.04,0.04,0.04,0.04,0.04,0.04,0.03,0.03,0.04,0.04,0.04,0.04,0.04,0.04,0.04,0.035727833513129845,0.04,0.03,0.04
L,0.03,0.03,0.03,0.03,0.04,0.04,0.04,0.04,0.04,0.04,0.04,0.04,0.04,0.04,0.04,0.04,0.04,0.04,0.04,0.04,0.04,0.04,0.04,0.04,0.034943255354013276,0.04,0.03,0.04
DGX,0.03,0.03,0.03,0.03,0.04,0.04,0.04,0.04,0.03,0.03,0.03,0.04,0.04,0.04,0.04,0.04,0.04,0.04,0.04,0.04,0.04,0.04,0.04,0.04,0.03458690545989776,0.04,0.03,0.04
INCY,0.03,0.03,0.03,0.03,0.03,0.03,0.03,0.03,0.03,0.03,0.03,0.03,0.03,0.03,0.03,0.03,0.03,0.03,0.03,0.03,0.03,0.03,0.03,0.03,0.029975856357164654,0.03,0.03,0.03
BG,0.03,0.04,0.04,0.03,0.04,0.04,0.04,0.04,0.04,0.04,0.04,0.04,0.04,0.04,0.04,0.04,0.04,0.04,0.04,0.04,0.04,0.04,0.04,0.04,0.03932196428719583,0.04,0.03,0.04
NI,0.03,0.03,0.03,0.03,0.03,0.04,0.03,0.04,0.03,0.03,0.03,0.04,0.04,0.04,0.04,0.04,0.04,0.04,0.04,0.04,0.04,0.04,0.04,0.04,0.035681795726883334,0.04,0.03,0.04
CHRW,0.03,0.03,0.03,0.04,0.04,0.03,0.04,0.03,0.04,0.04,0.04,0.03,0.03,0.03,0.03,0.03,0.03,0.03,0.03,0.03,0.03,0.03,0.03,0.03,0.03125999449968043,0.03,0.03,0.04
SBAC,0.03,0.03,0.03,0.03,0.03,0.03,0.03,0.03,0.03,0.03,0.03,0.03,0.03,0.03,0.03,0.03,0.03,0.03,0.03,0.03,0.03,0.03,0.03,0.03,0.03384805317354961,0.03,0.03,0.03
GPN,0.03,0.03,0.03,0.03,0.03,0.03,0.04,0.04,0.03,0.03,0.03,0.03,0.03,0.03,0.03,0.03,0.03,0.03,0.03,0.03,0.03,0.03,0.03,0.03,0.028148583596799285,0.03,0.03,0.04
NVR,0.03,0.03,0.03,0.03,0.03,0.03,0.03,0.03,0.03,0.04,0.03,0.03,0.03,0.03,0.03,0.03,0.03,0.03,0.03,0.03,0.03,0.03,0.03,0.03,0.029228093635272106,0.03,0.03,0.03
NTAP,0.03,0.03,0.03,0.03,0.03,0.03,0.03,0.03,0.03,0.03,0.03,0.03,0.03,0.03,0.03,0.03,0.03,0.03,0.03,0.03,0.04,0.03,0.03,0.03,0.03213960015472189,0.03,0.03,0.03
Q,0.03,0.03,0.03,0.03,0.04,0.04,0.04,0.04,0.03,0.03,0.03,0.04,0.04,0.04,0.04,0.04,0.04,0.04,0.04,0.04,0.04,0.04,0.04,0.04,0.03836043471791239,0.04,0.03,0.04
PODD,0.03,0.03,0.03,0.03,0.03,0.03,0.03,0.03,0.03,0.03,0.03,0.03,0.03,0.03,0.03,0.03,0.03,0.03,0.03,0.03,0.03,0.03,0.03,0.02,0.02258234930923929,0.03,0.03,0.03
PKG,0.03,0.03,0.03,0.03,0.03,0.04,0.03,0.03,0.03,0.03,0.03,0.03,0.03,0.03,0.03,0.03,0.03,0.03,0.03,0.03,0.03,0.03,0.03,0.03,0.028639860187213154,0.03,0.03,0.03
PTC,0.03,0.03,0.03,0.03,0.03,0.03,0.03,0.03,0.03,0.03,0.03,0.03,0.03,0.03,0.03,0.03,0.03,0.03,0.03,0.03,0.03,0.03,0.03,0.03,0.02665244075726373,0.03,0.03,0.03
DOW,0.03,0.03,0.03,0.03,0.04,0.04,0.04,0.04,0.04,0.04,0.04,0.04,0.04,0.04,0.05,0.05,0.04,0.04,0.05,0.05,0.05,0.05,0.05,0.05,0.04677735561229617,0.04,0.03,0.04
CTRA,0.03,0.03,0.03,0.03,0.04,0.04,0.04,0.04,0.04,0.04,0.04,0.04,0.04,0.04,0.04,0.04,0.04,0.04,0.04,0.04,0.05,0.05,0.05,0.04,0.04120497952326025,0.04,0.03,0.04
WY,0.03,0.03,0.03,0.03,0.03,0.03,0.03,0.03,0.03,0.03,0.03,0.03,0.03,0.03,0.03,0.03,0.03,0.03,0.03,0.03,0.03,0.03,0.03,0.03,0.02765078576377119,0.03,0.03,0.03
SMCI,0.03,0.03,0.03,0.03,0.03,0.03,0.03,0.03,0.03,0.03,0.03,0.03,0.03,0.03,0.03,0.03,0.02,0.02,0.02,0.02,0.02,0.02,0.02,0.02,0.021892461007746587,0.03,0.03,0.03
PFG,0.03,0.03,0.03,0.03,0.03,0.03,0.03,0.03,0.03,0.03,0.03,0.03,0.03,0.03,0.03,0.03,0.03,0.03,0.03,0.03,0.03,0.03,0.03,0.03,0.03107957988522582,0.03,0.03,0.03
JBHT,0.03,0.03,0.03,0.03,0.03,0.03,0.03,0.03,0.03,0.03,0.03,0.03,0.03,0.03,0.03,0.03,0.03,0.03,0.03,0.03,0.03,0.03,0.03,0.03,0.03212992440569516,0.03,0.03,0.04
ALB,0.03,0.04,0.04,0.03,0.03,0.03,0.03,0.03,0.03,0.03,0.03,0.03,0.03,0.03,0.03,0.03,0.03,0.03,0.04,0.04,0.03,0.04,0.04,0.04,0.032963817050379686,0.03,0.03,0.03
GPC,0.03,0.03,0.03,0.03,0.03,0.03,0.03,0.03,0.03,0.03,0.03,0.02,0.02,0.02,0.02,0.02,0.02,0.02,0.02,0.02,0.02,0.03,0.03,0.02,0.022601802098783062,0.02,0.03,0.03
TYL,0.03,0.03,0.03,0.02,0.02,0.02,0.02,0.02,0.02,0.02,0.02,0.03,0.02,0.02,0.02,0.03,0.03,0.03,0.02,0.02,0.02,0.02,0.03,0.02,0.02281434862488594,0.03,0.03,0.03
AMCR,0.03,0.03,0.03,0.03,0.04,0.04,0.04,0.04,0.04,0.04,0.04,0.03,0.03,0.03,0.03,0.03,0.03,0.03,0.03,0.03,0.03,0.03,0.03,0.03,0.028967877404467733,0.03,0.03,0.04
SNA,0.03,0.03,0.03,0.03,0.03,0.03,0.03,0.03,0.03,0.03,0.03,0.03,0.03,0.03,0.03,0.03,0.03,0.03,0.03,0.03,0.03,0.03,0.03,0.03,0.02988112148110065,0.03,0.03,0.03
HPQ,0.03,0.03,0.03,0.03,0.03,0.03,0.03,0.03,0.03,0.03,0.03,0.03,0.03,0.03,0.03,0.03,0.03,0.03,0.03,0.03,0.03,0.03,0.03,0.03,0.028120633576679523,0.03,0.03,0.03
WST,0.03,0.03,0.03,0.03,0.03,0.03,0.03,0.03,0.03,0.03,0.03,0.03,0.03,0.03,0.03,0.03,0.03,0.03,0.03,0.03,0.03,0.03,0.03,0.03,0.028837417180551616,0.03,0.03,0.03
LII,0.03,0.03,0.03,0.03,0.03,0.03,0.03,0.03,0.03,0.03,0.03,0.03,0.03,0.03,0.03,0.03,0.03,0.03,0.03,0.03,0.03,0.03,0.03,0.03,0.025036312520151226,0.03,0.03,0.03
IFF,0.03,0.03,0.03,0.03,0.03,0.03,0.03,0.03,0.03,0.03,0.03,0.03,0.03,0.03,0.03,0.03,0.03,0.03,0.03,0.03,0.03,0.03,0.03,0.03,0.0290538433315135,0.03,0.03,0.03
MKC,0.03,0.03,0.03,0.03,0.03,0.03,0.03,0.03,0.03,0.03,0.03,0.03,0.03,0.03,0.02,0.02,0.02,0.02,0.02,0.02,0.02,0.02,0.03,0.02,0.02058929131966262,0.03,0.03,0.03
DD,0.03,0.03,0.03,0.03,0.03,0.03,0.03,0.03,0.03,0.03,0.03,0.03,0.03,0.03,0.03,0.03,0.03,0.03,0.03,0.03,0.03,0.03,0.03,0.03,0.029918605763721,0.03,0.03,0.03
EVRG,0.03,0.03,0.03,0.03,0.03,0.03,0.03,0.03,0.03,0.03,0.03,0.03,0.03,0.03,0.03,0.03,0.03,0.03,0.03,0.03,0.03,0.03,0.03,0.03,0.02995273938815396,0.03,0.03,0.03
TRMB,0.03,0.03,0.03,0.03,0.03,0.03,0.03,0.03,0.02,0.02,0.03,0.03,0.03,0.03,0.03,0.03,0.03,0.03,0.03,0.03,0.03,0.03,0.03,0.03,0.024326497127691873,0.03,0.03,0.03
PNR,0.03,0.03,0.03,0.03,0.03,0.03,0.03,0.03,0.03,0.03,0.03,0.02,0.02,0.02,0.02,0.02,0.02,0.02,0.02,0.02,0.02,0.02,0.02,0.02,0.021995615939917775,0.02,0.03,0.03
FTV,0.03,0.03,0.03,0.03,0.03,0.03,0.03,0.03,0.03,0.03,0.03,0.03,0.03,0.03,0.03,0.03,0.03,0.03,0.03,0.03,0.03,0.03,0.03,0.03,0.027966419694385045,0.03,0.03,0.03
LNT,0.03,0.03,0.03,0.03,0.03,0.03,0.03,0.03,0.03,0.03,0.03,0.03,0.03,0.03,0.03,0.03,0.03,0.03,0.03,0.03,0.03,0.03,0.03,0.03,0.029542473480767842,0.03,0.03,0.03
ZBH,0.03,0.03,0.03,0.03,0.03,0.03,0.03,0.03,0.03,0.03,0.03,0.03,0.03,0.03,0.03,0.03,0.03,0.03,0.03,0.03,0.03,0.03,0.03,0.03,0.02828210829024763,0.03,0.03,0.03
TTD,0.03,0.03,0.02,0.02,0.02,0.02,0.02,0.02,0.02,0.02,0.02,0.02,0.02,0.02,0.02,0.02,0.02,0.02,0.02,0.02,0.02,0.02,0.02,0.02,0.01647885531026765,0.02,0.03,0.02
CDW,0.03,0.03,0.03,0.03,0.03,0.03,0.03,0.03,0.03,0.03,0.03,0.02,0.03,0.02,0.03,0.03,0.03,0.03,0.03,0.03,0.03,0.03,0.03,0.03,0.024941222319970417,0.02,0.03,0.03
APTV,0.03,0.03,0.03,0.03,0.03,0.03,0.03,0.03,0.03,0.03,0.03,0.02,0.03,0.03,0.02,0.02,0.02,0.03,0.03,0.03,0.03,0.02,0.02,0.02,0.024050133747090974,0.02,0.03,0.02
INVH,0.03,0.03,0.03,0.03,0.03,0.03,0.03,0.03,0.03,0.03,0.03,0.03,0.03,0.03,0.03,0.03,0.03,0.03,0.03,0.03,0.03,0.03,0.03,0.03,0.02459225866564035,0.03,0.03,0.03
HOLX,0.03,0.03,0.03,0.03,0.03,0.03,0.03,0.03,0.03,0.03,0.03,0.03,0.03,0.03,0.03,0.03,0.03,0.03,0.03,0.03,0.03,0.03,0.03,0.03,0.026516912743229253,0.03,0.03,0.03
HII,0.03,0.03,0.03,0.03,0.02,0.03,0.03,0.03,0.03,0.02,0.02,0.03,0.03,0.03,0.03,0.03,0.03,0.03,0.03,0.03,0.03,0.03,0.03,0.03,0.02452175657278188,0.03,0.03,0.03
ESS,0.03,0.03,0.03,0.03,0.03,0.03,0.03,0.03,0.03,0.03,0.03,0.03,0.03,0.03,0.03,0.03,0.03,0.03,0.03,0.03,0.03,0.03,0.03,0.03,0.026851346696004887,0.03,0.03,0.03
IT,0.03,0.03,0.03,0.02,0.02,0.02,0.02,0.02,0.02,0.02,0.02,0.02,0.02,0.02,0.02,0.02,0.02,0.02,0.02,0.02,0.02,0.02,0.02,0.02,0.01786383154308895,0.02,0.03,0.02
TXT,0.03,0.03,0.03,0.02,0.03,0.03,0.03,0.03,0.03,0.03,0.03,0.03,0.03,0.03,0.03,0.03,0.03,0.03,0.03,0.03,0.03,0.03,0.03,0.03,0.024077773461534075,0.03,0.03,0.03
J,0.03,0.03,0.03,0.03,0.03,0.03,0.03,0.03,0.03,0.03,0.03,0.03,0.02,0.03,0.03,0.03,0.03,0.03,0.03,0.03,0.03,0.03,0.03,0.03,0.02373652886188618,0.03,0.03,0.03
LYB,0.03,0.03,0.03,0.03,0.03,0.03,0.03,0.03,0.03,0.03,0.03,0.04,0.04,0.04,0.04,0.04,0.04,0.04,0.04,0.04,0.04,0.04,0.05,0.04,0.04026526781942924,0.04,0.03,0.03
MRNA,0.03,0.03,0.03,0.03,0.03,0.03,0.03,0.03,0.03,0.03,0.03,0.03,0.03,0.04,0.03,0.03,0.03,0.03,0.03,0.04,0.04,0.03,0.03,0.03,0.030636270442778647,0.03,0.03,0.03
COO,0.03,0.03,0.03,0.03,0.03,0.03,0.03,0.03,0.03,0.03,0.03,0.02,0.02,0.02,0.02,0.02,0.02,0.02,0.02,0.02,0.02,0.02,0.02,0.02,0.021496771428156477,0.02,0.03,0.03
GEN,0.03,0.03,0.02,0.02,0.02,0.02,0.02,0.02,0.02,0.02,0.02,0.02,0.02,0.02,0.02,0.02,0.02,0.02,0.02,0.02,0.02,0.02,0.02,0.02,0.018291514763404047,0.02,0.03,0.02
MAA,0.03,0.03,0.03,0.02,0.03,0.03,0.03,0.03,0.03,0.02,0.02,0.02,0.02,0.02,0.02,0.02,0.02,0.02,0.02,0.02,0.02,0.02,0.02,0.02,0.023533793140130453,0.02,0.02,0.03
TKO,0.03,0.03,0.02,0.03,0.03,0.03,0.03,0.03,0.03,0.03,0.03,0.03,0.03,0.03,0.03,0.03,0.02,0.03,0.03,0.03,0.03,0.03,0.03,0.03,0.025249421776755824,0.03,0.02,0.03
FFIV,0.02,0.02,0.02,0.03,0.03,0.02,0.03,0.02,0.03,0.02,0.03,0.03,0.03,0.03,0.03,0.03,0.03,0.03,0.03,0.03,0.03,0.03,0.03,0.03,0.027058867234826672,0.03,0.02,0.03
FOX,0.02,0.02,0.02,0.02,0.02,0.02,0.02,0.02,0.02,0.02,0.02,0.02,0.02,0.02,0.02,0.02,0.02,0.02,0.02,0.02,0.02,0.02,0.02,0.02,0.038754555083303416,0.02,0.02,0.02
NDSN,0.02,0.02,0.02,0.02,0.03,0.03,0.03,0.03,0.03,0.03,0.03,0.02,0.02,0.02,0.02,0.02,0.02,0.03,0.03,0.03,0.03,0.03,0.02,0.03,0.02304410505753287,0.02,0.02,0.03
BALL,0.02,0.02,0.02,0.02,0.03,0.03,0.03,0.03,0.03,0.03,0.03,0.03,0.03,0.03,0.03,0.03,0.03,0.03,0.03,0.03,0.03,0.03,0.03,0.03,0.025060974586339508,0.03,0.02,0.03
FOXA,0.02,0.02,0.02,0.02,0.02,0.02,0.02,0.02,0.02,0.02,0.02,0.02,0.02,0.02,0.02,0.02,0.02,0.02,0.02,0.02,0.02,0.02,0.02,0.02,0.03915360175228665,0.02,0.02,0.02
VTRS,0.02,0.02,0.02,0.02,0.03,0.03,0.03,0.03,0.03,0.03,0.03,0.03,0.03,0.03,0.03,0.03,0.03,0.03,0.03,0.03,0.03,0.03,0.03,0.03,0.024305100506215007,0.03,0.02,0.03
ERIE,0.02,0.02,0.02,0.02,0.02,0.02,0.02,0.02,0.02,0.02,0.02,0.02,0.02,0.02,0.02,0.02,0.02,0.02,0.02,0.02,0.02,0.02,0.02,0.02,0.020485092924361094,0.02,0.02,0.02
IEX,0.02,0.02,0.02,0.02,0.03,0.03,0.03,0.02,0.03,0.03,0.03,0.02,0.02,0.02,0.02,0.02,0.02,0.02,0.02,0.02,0.02,0.02,0.02,0.02,0.022234496645699757,0.02,0.02,0.03
DECK,0.02,0.02,0.02,0.03,0.03,0.03,0.03,0.03,0.03,0.03,0.03,0.02,0.02,0.02,0.02,0.02,0.02,0.02,0.02,0.02,0.02,0.02,0.02,0.02,0.022496931642482346,0.02,0.02,0.03
MAS,0.02,0.02,0.02,0.02,0.03,0.02,0.02,0.02,0.02,0.02,0.02,0.02,0.02,0.02,0.02,0.02,0.02,0.02,0.02,0.02,0.02,0.02,0.02,0.02,0.018899911649240382,0.02,0.02,0.02
AVY,0.02,0.02,0.02,0.02,0.02,0.02,0.02,0.02,0.02,0.02,0.02,0.02,0.02,0.02,0.02,0.02,0.02,0.02,0.02,0.02,0.02,0.02,0.02,0.02,0.020708236469712094,0.02,0.02,0.02
KIM,0.02,0.02,0.02,0.02,0.02,0.02,0.02,0.03,0.02,0.02,0.02,0.03,0.03,0.03,0.03,0.03,0.03,0.03,0.03,0.03,0.03,0.03,0.03,0.03,0.024030015327753732,0.03,0.02,0.03
BBY,0.02,0.02,0.02,0.02,0.02,0.02,0.02,0.02,0.02,0.02,0.02,0.02,0.02,0.02,0.02,0.02,0.02,0.02,0.02,0.02,0.02,0.02,0.02,0.02,0.02122017491634772,0.02,0.02,0.02
ALLE,0.02,0.02,0.02,0.02,0.02,0.02,0.02,0.02,0.02,0.02,0.02,0.02,0.02,0.02,0.02,0.02,0.02,0.02,0.02,0.02,0.02,0.02,0.02,0.02,0.019079581851631285,0.02,0.02,0.02
GDDY,0.02,0.02,0.02,0.02,0.02,0.02,0.02,0.02,0.02,0.02,0.02,0.02,0.02,0.02,0.02,0.02,0.02,0.02,0.02,0.02,0.02,0.02,0.02,0.02,0.01732942085581745,0.02,0.02,0.02
BLDR,0.02,0.02,0.02,0.02,0.02,0.02,0.02,0.02,0.02,0.02,0.02,0.02,0.02,0.02,0.02,0.02,0.02,0.02,0.02,0.02,0.02,0.02,0.02,0.02,0.013740222816549411,0.02,0.02,0.02
SOLV,0.02,0.02,0.02,0.02,0.02,0.02,0.02,0.02,0.02,0.02,0.02,0.02,0.02,0.02,0.02,0.02,0.02,0.02,0.02,0.02,0.02,0.02,0.02,0.02,0.01731675941952873,0.02,0.02,0.02
JKHY,0.02,0.02,0.02,0.02,0.02,0.02,0.02,0.02,0.02,0.02,0.02,0.02,0.02,0.02,0.02,0.02,0.02,0.02,0.02,0.02,0.02,0.02,0.02,0.02,0.017896135489490598,0.02,0.02,0.02
BEN,0.02,0.02,0.02,0.02,0.02,0.02,0.02,0.02,0.02,0.02,0.02,0.02,0.02,0.02,0.02,0.02,0.02,0.02,0.02,0.02,0.02,0.02,0.02,0.02,0.019156298097030185,0.02,0.02,0.02
CF,0.02,0.02,0.02,0.02,0.02,0.02,0.03,0.02,0.02,0.02,0.02,0.03,0.03,0.03,0.03,0.03,0.03,0.03,0.03,0.03,0.03,0.04,0.04,0.03,0.03135893538429444,0.03,0.02,0.03
DPZ,0.02,0.02,0.02,0.02,0.02,0.02,0.02,0.02,0.02,0.02,0.02,0.02,0.02,0.02,0.02,0.02,0.02,0.02,0.02,0.02,0.02,0.02,0.02,0.02,0.019579799425816783,0.02,0.02,0.02
AKAM,0.02,0.02,0.02,0.02,0.02,0.03,0.03,0.02,0.02,0.02,0.02,0.03,0.03,0.03,0.03,0.03,0.03,0.03,0.03,0.03,0.03,0.03,0.03,0.03,0.026843999043453845,0.03,0.02,0.02
CLX,0.02,0.02,0.02,0.02,0.02,0.02,0.02,0.02,0.02,0.02,0.02,0.02,0.02,0.02,0.02,0.02,0.02,0.02,0.02,0.02,0.02,0.02,0.02,0.02,0.019370701633788737,0.02,0.02,0.02
EG,0.02,0.02,0.02,0.02,0.02,0.02,0.02,0.02,0.02,0.02,0.02,0.02,0.02,0.02,0.02,0.02,0.02,0.02,0.02,0.02,0.02,0.02,0.02,0.02,0.020743173994861797,0.02,0.02,0.02
HRL,0.02,0.02,0.02,0.02,0.02,0.02,0.02,0.02,0.02,0.02,0.02,0.02,0.02,0.02,0.02,0.02,0.02,0.02,0.02,0.02,0.02,0.02,0.02,0.02,0.019086014665166674,0.02,0.02,0.02
SWK,0.02,0.02,0.02,0.02,0.02,0.02,0.02,0.02,0.02,0.02,0.02,0.02,0.02,0.02,0.02,0.02,0.02,0.02,0.02,0.02,0.02,0.02,0.02,0.02,0.016735675864444497,0.02,0.02,0.02
IVZ,0.02,0.02,0.02,0.02,0.02,0.02,0.02,0.02,0.02,0.02,0.02,0.02,0.02,0.02,0.02,0.02,0.02,0.02,0.02,0.02,0.02,0.02,0.02,0.02,0.016816418044632853,0.02,0.02,0.02
REG,0.02,0.02,0.02,0.02,0.02,0.02,0.02,0.02,0.02,0.02,0.02,0.02,0.02,0.02,0.02,0.02,0.02,0.02,0.02,0.02,0.02,0.02,0.02,0.02,0.022592783940542625,0.02,0.02,0.02
PSKY,0.02,0.02,0.02,0.02,0.02,0.02,0.02,0.02,0.02,0.02,0.02,0.02,0.02,0.02,0.02,0.02,0.02,0.02,0.02,0.02,0.02,0.02,0.02,0.02,0.016617782216532522,0.02,0.02,0.02
HST,0.02,0.02,0.02,0.02,0.02,0.02,0.02,0.02,0.02,0.02,0.02,0.02,0.02,0.02,0.02,0.02,0.02,0.02,0.02,0.02,0.02,0.02,0.02,0.02,0.02093695104703013,0.02,0.02,0.02
RVTY,0.02,0.02,0.02,0.02,0.02,0.02,0.02,0.02,0.02,0.02,0.02,0.02,0.02,0.02,0.02,0.02,0.02,0.02,0.02,0.02,0.02,0.02,0.02,0.02,0.015612927222020866,0.02,0.02,0.02
ZBRA,0.02,0.02,0.02,0.02,0.02,0.02,0.02,0.02,0.02,0.02,0.02,0.02,0.02,0.02,0.02,0.02,0.02,0.02,0.02,0.02,0.02,0.02,0.02,0.02,0.016134020490018778,0.02,0.02,0.02
UHS,0.02,0.02,0.02,0.02,0.02,0.02,0.02,0.02,0.02,0.02,0.02,0.02,0.02,0.02,0.02,0.02,0.02,0.02,0.02,0.02,0.02,0.02,0.02,0.02,0.016947875105437736,0.02,0.02,0.02
UDR,0.02,0.02,0.02,0.02,0.02,0.02,0.02,0.02,0.02,0.02,0.02,0.02,0.02,0.02,0.02,0.02,0.02,0.02,0.02,0.02,0.02,0.02,0.02,0.02,0.020476828824992965,0.02,0.02,0.02
DOC,0.02,0.02,0.02,0.02,0.02,0.02,0.02,0.02,0.02,0.02,0.02,0.02,0.02,0.02,0.02,0.02,0.02,0.02,0.02,0.02,0.02,0.02,0.02,0.02,0.018033816349644516,0.02,0.02,0.02
ALGN,0.02,0.02,0.02,0.02,0.02,0.02,0.02,0.02,0.02,0.02,0.02,0.02,0.02,0.02,0.02,0.02,0.02,0.02,0.02,0.02,0.02,0.02,0.02,0.02,0.019219116506838014,0.02,0.02,0.02
BF-B,0.02,0.02,0.02,0.02,0.02,0.02,0.02,0.02,0.02,0.02,0.02,0.02,0.02,0.02,0.02,0.02,0.02,0.02,0.02,0.02,0.02,0.02,0.02,0.02,0.019265860117913824,0.02,0.02,0.02
HAS,0.02,0.02,0.02,0.02,0.02,0.02,0.02,0.02,0.02,0.02,0.02,0.02,0.02,0.02,0.02,0.02,0.02,0.02,0.02,0.02,0.02,0.02,0.02,0.02,0.01991574310413846,0.02,0.02,0.02
WYNN,0.02,0.02,0.02,0.02,0.02,0.02,0.02,0.02,0.02,0.02,0.02,0.02,0.02,0.02,0.02,0.02,0.02,0.02,0.02,0.02,0.02,0.02,0.02,0.02,0.016706100357075475,0.02,0.02,0.02
EPAM,0.02,0.02,0.02,0.02,0.02,0.01,0.01,0.01,0.02,0.02,0.02,0.01,0.01,0.01,0.01,0.01,0.01,0.01,0.01,0.01,0.01,0.01,0.01,0.01,0.011968903153870869,0.01,0.02,0.01
AIZ,0.02,0.02,0.02,0.02,0.02,0.02,0.02,0.02,0.02,0.02,0.02,0.02,0.02,0.02,0.02,0.02,0.02,0.02,0.02,0.02,0.02,0.02,0.02,0.02,0.017162500518794113,0.02,0.02,0.02
CPT,0.02,0.02,0.02,0.02,0.02,0.02,0.02,0.02,0.02,0.02,0.02,0.02,0.02,0.02,0.02,0.02,0.02,0.02,0.02,0.02,0.02,0.02,0.02,0.02,0.01656827318699111,0.02,0.02,0.02
PNW,0.02,0.02,0.02,0.02,0.02,0.02,0.02,0.02,0.02,0.02,0.02,0.02,0.02,0.02,0.02,0.02,0.02,0.02,0.02,0.02,0.02,0.02,0.02,0.02,0.019496135870423776,0.02,0.02,0.02
DAY,0.02,0.02,0.02,0.02,0.02,,,,0.02,0.02,0.02,,,,,,,,,,,,,,,,0.02,
GL,0.02,0.02,0.02,0.02,0.02,0.02,0.02,0.02,0.02,0.02,0.02,0.02,0.02,0.02,0.02,0.02,0.02,0.02,0.02,0.02,0.02,0.02,0.02,0.02,0.017606768210895643,0.02,0.02,0.02
SJM,0.02,0.02,0.02,0.02,0.02,0.02,0.02,0.02,0.02,0.02,0.02,0.02,0.02,0.02,0.02,0.02,0.02,0.02,0.02,0.02,0.02,0.02,0.02,0.02,0.015993397353241574,0.02,0.02,0.02
CRL,0.02,0.02,0.02,0.02,0.01,0.01,0.01,0.01,0.02,0.01,0.01,0.01,0.01,0.01,0.01,0.01,0.01,0.01,0.01,0.01,0.01,0.01,0.01,0.01,0.013440564000978697,0.01,0.02,0.01
BXP,0.02,0.02,0.02,0.02,0.02,0.02,0.02,0.02,0.02,0.02,0.02,0.01,0.01,0.01,0.01,0.01,0.01,0.01,0.01,0.01,0.01,0.01,0.01,0.01,0.01439486328721574,0.01,0.02,0.01
FDS,0.02,0.02,0.02,0.01,0.01,0.01,0.01,0.01,0.01,0.01,0.01,0.01,0.01,0.01,0.01,0.01,0.01,0.01,0.01,0.01,0.01,0.01,0.01,0.01,0.013377050217050886,0.01,0.02,0.01
TECH,0.02,0.02,0.02,0.02,0.02,0.02,0.01,0.01,0.02,0.02,0.02,0.01,0.01,0.01,0.01,0.01,0.01,0.01,0.01,0.01,0.01,0.01,0.01,0.01,0.013051397271804247,0.01,0.02,0.01
BAX,0.02,0.02,0.02,0.02,0.02,0.02,0.02,0.02,0.02,0.02,0.02,0.01,0.01,0.01,0.01,0.01,0.01,0.01,0.01,0.01,0.01,0.01,0.01,0.01,0.013520436360591536,0.01,0.02,0.02
AES,0.02,0.02,0.02,0.02,0.02,0.02,0.02,0.02,0.02,0.02,0.02,0.02,0.02,0.02,0.02,0.02,0.02,0.02,0.02,0.02,0.02,0.02,0.02,0.02,0.016010380559783512,0.02,0.02,0.02
AOS,0.02,0.02,0.02,0.02,0.02,0.02,0.02,0.02,0.02,0.02,0.02,0.02,0.02,0.01,0.01,0.01,0.02,0.02,0.02,0.02,0.02,0.02,0.02,0.02,0.013972416676169512,0.02,0.02,0.02
NCLH,0.02,0.02,0.02,0.02,0.02,0.02,0.02,0.02,0.02,0.02,0.02,0.01,0.01,0.02,0.02,0.01,0.01,0.02,0.02,0.02,0.02,0.01,0.01,0.01,0.013539884326731012,0.01,0.01,0.02
POOL,0.02,0.02,0.02,0.01,0.02,0.02,0.01,0.01,0.02,0.02,0.02,0.01,0.01,0.01,0.01,0.01,0.01,0.01,0.01,0.01,0.01,0.01,0.01,0.01,0.01172148823807993,0.01,0.01,0.01
ARE,0.02,0.02,0.02,0.01,0.02,0.01,0.01,0.02,0.02,0.02,0.02,0.01,0.01,0.01,0.01,0.01,0.01,0.01,0.01,0.01,0.01,0.01,0.01,0.01,0.011762975142368948,0.01,0.01,0.01
MOH,0.02,0.02,0.02,0.01,0.01,0.01,0.01,0.01,0.01,0.01,0.01,0.01,0.01,0.01,0.01,0.01,0.01,0.01,,,,,,,,0.01,0.01,0.01
NWSA,0.02,0.02,0.02,0.02,0.01,0.01,0.01,0.01,0.01,0.01,0.01,0.01,0.01,0.01,0.01,0.01,0.02,0.01,0.01,0.01,0.02,0.02,0.02,0.02,0.022052872964567167,0.01,0.01,0.01
TAP,0.02,0.02,0.02,0.02,0.02,0.02,0.02,0.02,0.02,0.02,0.02,0.01,0.01,0.01,0.01,0.01,0.01,0.01,0.01,0.01,0.01,0.01,0.01,0.01,0.013019557176116157,0.01,0.01,0.01
MGM,0.01,0.01,0.01,0.01,0.02,0.01,0.02,0.01,0.02,0.02,0.02,0.02,0.02,0.02,0.02,0.02,0.02,0.02,0.02,0.02,0.02,0.02,0.02,0.02,0.015751768914809762,0.02,0.01,0.01
GNRC,0.02,0.02,0.02,0.02,0.02,0.02,0.02,0.02,0.02,0.02,0.02,0.02,0.02,0.02,0.02,0.02,0.02,0.02,0.02,0.02,0.02,0.02,0.02,0.02,0.01788363644114666,0.02,0.01,0.02
HSIC,0.01,0.01,0.01,0.01,0.02,0.01,0.01,0.02,0.01,0.01,0.01,0.01,0.01,0.01,0.01,0.01,0.01,0.01,0.01,0.01,0.01,0.01,0.01,0.01,0.013667210945653263,0.01,0.01,0.02
APA,0.01,0.01,0.01,0.01,0.02,0.02,0.02,0.02,0.02,0.02,0.02,0.02,0.02,0.02,0.02,0.02,0.02,0.02,0.02,0.02,0.03,0.03,0.03,0.03,0.023317349303352802,0.02,0.01,0.02
FRT,0.01,0.01,0.01,0.01,0.01,0.01,0.01,0.02,0.01,0.01,0.01,0.02,0.02,0.02,0.02,0.02,0.02,0.02,0.01,0.01,0.02,0.02,0.02,0.02,0.014573702256265529,0.02,0.01,0.02
SWKS,0.01,0.01,0.01,0.01,0.01,0.02,0.01,0.01,0.01,0.01,0.01,0.01,0.01,0.01,0.01,0.01,0.01,0.01,0.01,0.01,0.01,0.01,0.01,0.01,0.013030601968063505,0.01,0.01,0.01
MOS,0.01,0.01,0.01,0.01,0.02,0.01,0.02,0.01,0.01,0.01,0.01,0.02,0.01,0.02,0.01,0.01,0.01,0.01,0.01,0.01,0.01,0.01,0.01,0.01,0.013046291698352204,0.02,0.01,0.01
PAYC,0.01,0.01,0.01,0.01,0.01,0.01,0.01,0.01,0.01,0.01,0.01,0.01,0.01,0.01,0.01,0.01,0.01,0.01,,,,,,,,0.01,0.01,0.01
CAG,0.01,0.01,0.01,0.01,0.01,0.01,0.01,0.01,0.02,0.02,0.01,0.01,0.01,0.01,0.01,0.01,0.01,0.01,0.01,0.01,0.01,0.01,0.01,0.01,0.01180724193533647,0.01,0.01,0.01
CPB,0.01,0.01,0.01,0.01,0.01,0.01,0.01,0.01,0.01,0.01,0.01,0.01,0.01,0.01,0.01,0.01,0.01,0.01,0.01,0.01,0.01,0.01,0.01,0.01,0.010303439529771774,0.01,0.01,0.01
MTCH,0.01,0.01,0.01,0.01,0.01,0.01,0.01,0.01,0.01,0.01,0.01,0.01,0.01,0.01,0.01,0.01,0.01,0.01,,,,,,,,0.01,0.01,0.01
DVA,0.01,0.01,0.01,0.01,0.01,0.02,0.02,0.02,0.02,0.02,0.01,0.02,0.02,0.02,0.02,0.02,0.02,0.02,0.02,0.02,0.02,0.02,0.02,0.02,0.01528020236216903,0.02,0.01,0.02
LW,0.01,0.01,0.01,0.01,0.01,0.01,0.01,0.01,0.01,0.01,0.01,0.01,0.01,0.01,0.01,0.01,0.01,0.01,,,,,,,,0.01,0.01,0.01
NWS,0.01,0.01,0.01,0.01,0.01,0.01,0.01,0.01,0.01,0.01,0.01,0.01,0.01,0.01,0.01,0.01,0.01,0.01,0.01,0.01,0.01,0.01,0.01,0.01,0.02427331909527924,0.01,0.01,0.01
